date,wl_m,V_design_Mm3,V_sar_Mm3
2022-01-01,355.25694444444446,52.602111111111185,47.165086516679594
2022-01-02,355.21201388888886,52.342592222222066,46.90336914388506
2022-01-03,355.1634027777778,52.06181444444443,46.62101719702904
2022-01-04,355.1175694444444,51.79708111111101,46.35556206892597
2022-01-05,355.070625,51.52593000000004,46.08443708479687
2022-01-06,355.02194444444444,51.24475111111111,45.80411328958143
2022-01-07,354.9715972222223,50.95394555555584,45.51507750846801
2022-01-08,354.97895833333337,50.99646333333352,45.55728277240039
2022-01-09,355.07576388888884,51.55561222222196,46.114081370172215
2022-01-10,355.1567361111111,52.0233077777778,46.58236073594645
2022-01-11,355.70208333333335,55.17323333333342,49.79591760031463
2022-01-12,356.10625000000005,57.50770000000026,52.24337510620213
2022-01-13,356.2475694444445,58.323961111111316,53.112112337057404
2022-01-14,356.31138888888887,58.692582222222114,53.50660759238178
2022-01-15,356.3132638888889,58.703412222222354,53.51822077533086
2022-01-16,356.3018055555556,58.637228888889,53.447282754281915
2022-01-17,356.2818055555556,58.5217088888891,53.32357116985487
2022-01-18,356.2597916666666,58.39455666666637,53.18755733567994
2022-01-19,356.2439583333333,58.30310333333312,53.08983012310589
2022-01-20,356.221875,58.175550000000065,52.95366171654803
2022-01-21,356.195625,58.023930000000036,52.79201835324324
2022-01-22,356.17340277777777,57.89557444444438,52.6553529739487
2022-01-23,356.1702777777778,57.877524444444646,52.636146537421304
2022-01-24,356.15583333333336,57.7940933333335,52.54742097638161
2022-01-25,356.175625,57.908410000000146,52.66901328146387
2022-01-26,356.1645138888889,57.84423222222232,52.60073435664225
2022-01-27,356.1375694444444,57.688601111110906,52.43533057123299
2022-01-28,356.10784722222223,57.516925555555616,52.25315607033982
2022-01-29,356.0824305555555,57.37011888888859,52.097604029176345
2022-01-30,356.0702083333333,57.29952333333321,52.022881087404954
2022-01-31,356.04756944444443,57.16876111111105,51.88460872263251
2022-02-01,356.0805555555555,57.359288888888685,52.08613704970584
2022-02-02,356.3385416666667,58.84941666666678,53.67486487183333
2022-02-03,356.4013194444444,59.212021111111,54.06480251809019
2022-02-04,356.39486111111114,59.17471777777794,54.02463057372973
2022-02-05,356.34041666666667,58.86024666666668,53.68649047569221
2022-02-06,356.1957638888889,58.02473222222231,52.792873049071275
2022-02-07,356.00888888888886,56.94534222222207,51.64875183034624
2022-02-08,355.83006944444446,55.912481111111205,50.56495524176344
2022-02-09,355.64701388888886,54.855152222222074,49.466744059344016
2022-02-10,355.47444444444443,53.858391111111025,48.44196776826191
2022-02-11,355.30131944444446,52.8584211111112,47.42425524810953
2022-02-12,355.1665972222222,52.08026555555547,46.63954777313329
2022-02-13,355.07972222222224,51.578475555555684,46.13691729032358
2022-02-14,355.0197222222222,51.23191555555534,45.79133810659069
2022-02-15,354.9636111111111,50.90781777777775,45.46931613990728
2022-02-16,354.9227777777778,50.671964444444626,45.23567748769013
2022-02-17,354.90722222222223,50.5821155555556,45.14683137613849
2022-02-18,354.91465277777775,50.62503444444426,45.18926111990745
2022-02-19,354.93138888888893,50.721702222222476,45.28489640199978
2022-02-20,354.95076388888884,50.83361222222196,45.3957412011152
2022-02-21,354.9671527777778,50.92827444444464,45.4896098225302
2022-02-22,354.98645833333336,51.03978333333349,45.60030278165105
2022-02-23,354.99895833333335,51.11198333333342,45.67204393488938
2022-02-24,355.0108333333333,51.18057333333327,45.74024832825503
2022-02-25,355.0230555555556,51.251168888888984,45.810503662593575
2022-02-26,355.0390972222222,51.34382555555548,45.90279241203932
2022-02-27,355.0518055555556,51.417228888889,45.975966616782614
2022-02-28,355.0776388888889,51.56644222222219,46.12489838498081
2022-03-01,355.1096527777778,51.75135444444455,46.30978395376781
2022-03-02,355.1370138888889,51.90939222222213,46.46808953163652
2022-03-03,355.17118055555557,52.10673888888895,46.66613512145702
2022-03-04,355.1972916666666,52.25755666666637,46.81777154900444
2022-03-05,355.2296527777778,52.44447444444458,47.00602993041324
2022-03-06,355.25638888888886,52.59890222222208,47.16184623088926
2022-03-07,355.2781944444444,52.72485111111091,47.28911091214134
2022-03-08,355.29979166666664,52.849596666666486,47.41532294662381
2022-03-09,355.3122916666667,52.92179666666675,47.4884464975828
2022-03-10,355.31881944444444,52.9595011111111,47.526656958376975
2022-03-11,355.33451388888886,53.05015222222208,47.618582135081304
2022-03-12,355.3493055555556,53.135588888889075,47.705296717558966
2022-03-13,355.37055555555554,53.2583288888888,47.83000606402163
2022-03-14,355.39875,53.421180000000035,47.9957171342386
2022-03-15,355.4279166666667,53.58964666666688,48.167431761621316
2022-03-16,355.4506944444445,53.721211111111316,48.30173481606801
2022-03-17,355.4714583333334,53.84114333333356,48.42432229364065
2022-03-18,355.48347222222225,53.9105355555557,48.49532211690507
2022-03-19,355.50291666666664,54.02284666666648,48.6103360929897
2022-03-20,355.52388888888885,54.143982222221986,48.73453506724429
2022-03-21,355.5543055555556,54.319668888888984,48.914933557625346
2022-03-22,355.5847222222222,54.49535555555533,49.09565106673327
2022-03-23,355.6047222222222,54.61087555555555,49.21465247511916
2022-03-24,355.62187500000005,54.70995000000026,49.31681938431009
2022-03-25,355.6358333333333,54.79057333333327,49.40003956148625
2022-03-26,355.6492361111111,54.86798777777784,49.480005817343375
2022-03-27,355.66188405797106,54.94104231884087,49.555524521397054
2022-03-28,355.6713888888889,54.9959422222222,49.61231291375192
2022-03-29,355.68138888888893,55.05370222222247,49.67209403866526
2022-03-30,355.6925694444444,55.118281111110946,49.73897495338856
2022-03-31,355.7048611111111,55.18927777777763,49.812551899878684
2022-04-01,355.72111111111116,55.28313777777804,49.909896145810976
2022-04-02,355.7335416666667,55.354936666667,49.984426727761594
2022-04-03,355.7415277777778,55.40106444444443,50.03233304516286
2022-04-04,355.751875,55.46082999999991,50.09443923872268
2022-04-05,355.7574305555556,55.49291888888899,50.12780272726341
2022-04-06,355.7663888888889,55.54466222222236,50.181618750923
2022-04-07,355.77180555555555,55.57594888888883,50.214168391815086
2022-04-08,355.7757638888889,55.59881222222222,50.23796687033563
2022-04-09,355.78319444444446,55.64173111111121,50.28264770387608
2022-04-10,355.79013888888886,55.681842222222066,50.32442307967197
2022-04-11,355.79347222222225,55.70109555555571,50.344482699127326
2022-04-12,355.7957638888889,55.714332222222446,50.35827637648768
2022-04-13,355.80145833333336,55.74722333333347,50.392552156053355
2022-04-14,355.80708333333337,55.779713333333525,50.42642850761287
2022-04-15,355.8095138888889,55.79375222222221,50.44106643729884
2022-04-16,355.8149305555555,55.825038888888685,50.47370050083748
2022-04-17,355.82131944444444,55.86194111111109,50.51219918475241
2022-04-18,355.8278472222222,55.899645555555445,50.55155687807792
2022-04-19,355.83465277777776,55.938954444444356,50.592600801546254
2022-04-20,355.83833333333337,55.96021333333353,50.61480434747575
2022-04-21,355.8434027777778,55.989494444444475,50.64539377351498
2022-04-22,355.84861111111115,56.019577777778025,50.676831573592736
2022-04-23,355.85312500000003,56.045650000000194,50.70408390387312
2022-04-24,355.85520833333334,56.05768333333335,50.716666095330254
2022-04-25,355.85625000000005,56.06370000000026,50.722957191059166
2022-04-26,355.85798611111113,56.07372777777789,50.73344235060677
2022-04-27,355.86069444444445,56.08937111111113,50.74979919950118
2022-04-28,355.86527777777775,56.11584444444428,50.7774935575775
2022-04-29,355.8674305555556,56.128278888889064,50.790502458700104
2022-04-30,355.866875,56.12506999999996,50.78714532292639
2022-05-01,355.87131944444445,56.15074111111116,50.81400251731051
2022-05-02,355.87340277777776,56.16277444444432,50.82659884042708
2022-05-03,355.8747916666667,56.170796666666746,50.834996389171806
2022-05-04,355.8745138888889,56.16919222222219,50.83331687942279
2022-05-05,355.87513888888884,56.17280222222195,50.83709577635756
2022-05-06,355.8810416666667,56.20689666666688,50.87278535852219
2022-05-07,355.90090277777773,56.32161444444417,50.992969348132846
2022-05-08,355.91305555555556,56.3918088888889,51.06657606865513
2022-05-09,355.9374305555555,56.5325988888887,51.21435856417691
2022-05-10,355.98319444444445,56.79693111111114,51.49235694038303
2022-05-11,356.014375,56.97702999999984,51.6821734773011
2022-05-12,356.0386111111111,57.11701777777768,51.82993957925091
2022-05-13,356.0498611111111,57.18199777777779,51.89859615331187
2022-05-14,356.0559722222222,57.21729555555531,51.9359117042675
2022-05-15,356.0598611111111,57.23975777777773,51.959661013001906
2022-05-16,356.06458333333336,57.26703333333349,51.988510524151955
2022-05-17,356.0650694444445,57.26984111111129,51.991480819741774
2022-05-18,356.06590277777775,57.27465444444429,51.99657275503821
2022-05-19,356.0673611111111,57.28307777777769,52.00548364180765
2022-05-20,356.0676388888889,57.284682222222244,52.00718095357336
2022-05-21,356.0671527777778,57.28187444444445,52.00421065798355
2022-05-22,356.06618055555555,57.27625888888884,51.99827006680391
2022-05-23,356.0651388888889,57.270242222222265,51.99190514768303
2022-05-24,356.0652777777778,57.27104444444454,51.99275380356588
2022-05-25,356.0647916666667,57.26823666666674,51.989783507976064
2022-05-26,356.0621527777778,57.25299444444447,51.973659046202876
2022-05-27,356.0621527777778,57.25299444444447,51.973659046202876
2022-05-28,356.05854166666666,57.232136666666605,51.951603211824214
2022-05-29,356.0542361111111,57.20726777777768,51.925309334297026
2022-05-30,356.0520138888889,57.19443222222225,51.911738300734754
2022-05-31,356.04381944444447,57.14710111111123,51.86172019970296
2022-06-01,356.0394444444444,57.121831111111014,51.83502311707419
2022-06-02,356.03548611111114,57.09896777777794,51.81087631241386
2022-06-03,356.0323611111111,57.08091777777755,51.79181304557611
2022-06-04,356.0250694444444,57.03880111111084,51.74735299774952
2022-06-05,356.02118055555553,57.01633888888875,51.72364325740456
2022-06-06,356.0150694444444,56.9810411111109,51.68640508751567
2022-06-07,356.00895833333334,56.94574333333337,51.64917475762084
2022-06-08,356.00416666666666,56.91806666666665,51.61999277568736
2022-06-09,356.0023611111111,56.90763777777771,51.608996666552976
2022-06-10,355.9967361111111,56.875147777777656,51.57475488518815
2022-06-11,355.98534722222223,56.8093655555556,51.505453182268006
2022-06-12,355.9820833333334,56.79051333333359,51.485597589732976
2022-06-13,355.9629861111111,56.68020777777767,51.36951094890991
2022-06-14,355.915,56.40304000000012,51.07835897436438
2022-06-15,355.8590972222222,56.08014555555545,50.74015285271711
2022-06-16,355.78993055555554,55.680638888888815,50.32316981839818
2022-06-17,355.7184027777778,55.26749444444447,49.89366844210407
2022-06-18,355.6458333333333,54.84833333333322,49.459698750407014
2022-06-19,355.574375,54.435589999999856,49.03413820737851
2022-06-20,355.50118055555555,54.01281888888885,48.60005944119848
2022-06-21,355.4297222222222,53.600075555555485,48.17806980614878
2022-06-22,355.36569444444444,53.2302511111111,47.801466646320435
2022-06-23,355.29368055555557,52.814298888888956,47.37959418710323
2022-06-24,355.2190972222222,52.38350555555552,46.944583326651646
2022-06-25,355.1430555555555,51.944288888888686,46.503078796539285
2022-06-26,355.06111111111113,51.47097777777789,46.02958509000324
2022-06-27,354.98583333333335,51.03617333333341,45.59671708945043
2022-06-28,354.91041666666666,50.600566666666644,45.165067025748705
2022-06-29,354.83618055555553,50.17177888888874,44.74216688517131
2022-06-30,354.7697222222222,49.787915555555344,44.36524892432976
2022-07-01,354.70520833333336,49.415283333333484,44.00088669581838
2022-07-02,354.63659722222224,49.01898555555563,43.6150361589276
2022-07-03,354.56680555555556,48.61586888888892,43.22430247974871
2022-07-04,354.4977777777778,48.21716444444456,42.83959476719606
2022-07-05,354.42583333333334,47.80161333333339,42.440492400331
2022-07-06,354.35041666666666,47.36600666666663,42.024171986842724
2022-07-07,354.27020833333336,46.90272333333347,41.58371420081288
2022-07-08,354.1891666666667,46.434626666666986,41.1411120811243
2022-07-09,354.11256944444443,45.99220111111104,40.725038162774716
2022-07-10,354.02979166666665,45.51407666666659,40.27787247309471
2022-07-11,353.9457638888889,45.07262279513897,39.82660452235707
2022-07-12,353.8599305555556,44.64631008680574,39.36840524783571
2022-07-13,353.78777777777776,44.2879452777777,38.98541789093209
2022-07-14,353.71583333333336,43.930615208333485,38.60552537550977
2022-07-15,353.6395138888889,43.55155560763908,38.204712713604025
2022-07-16,353.56638888888887,43.18836201388878,37.82280034818508
2022-07-17,353.49868055555555,42.852071649305536,37.471033939546714
2022-07-18,353.43180555555557,42.51992024305562,37.12535861322426
2022-07-19,353.3641666666667,42.183974791666714,36.77753189479568
2022-07-20,353.2921527777778,41.826299809027894,36.40919114591218
2022-07-21,353.20166666666665,41.3768779166666,35.949295427260886
2022-07-22,353.11104166666667,40.926766197916656,35.49198040740688
2022-07-23,353.0256944444444,40.50286788194428,35.064329916410436
2022-07-24,352.938125,40.067932343750066,34.62861145009231
2022-07-25,352.8488194444444,39.624373975694304,34.18748104139492
2022-07-26,352.76125,39.18943843750009,33.75810860931864
2022-07-27,352.6790277777778,38.78106121527777,33.35785277769629
2022-07-28,352.59513888888887,38.36440607638879,32.95238653263526
2022-07-29,352.5110416666667,37.94671619791683,32.5488728868008
2022-07-30,352.4327777777778,37.557999027777896,32.17604033929497
2022-07-31,352.3507638888889,37.15065654513883,31.788136584209386
2022-08-01,352.26548611111116,36.727103142361344,31.387858063273146
2022-08-02,352.1814583333333,36.30975817708315,30.99650797948345
2022-08-03,352.0885416666667,35.84826432291676,30.567343660885186
2022-08-04,351.9982638888889,35.399877170139014,30.153989387193604
2022-08-05,351.9109722222222,34.966321284722106,29.75772869809955
2022-08-06,351.8228472222222,34.528626440972154,29.36113543668711
2022-08-07,351.7340972222222,34.08782737847213,28.965254991723263
2022-08-08,351.6611111111111,33.725323611111044,28.642358560641153
2022-08-09,351.58763888888893,33.360405451389106,28.319775560466955
2022-08-10,351.5231944444444,33.04032600694429,28.038865011965367
2022-08-11,351.45194444444445,32.686445069444474,27.73052550630927
2022-08-12,351.3827083333333,32.34256661458323,27.43317019869317
2022-08-13,351.31368055555555,31.999722899305528,27.138948491196505
2022-08-14,351.250625,31.686541718750068,26.872145806079736
2022-08-15,351.18326388888886,31.351975920138745,26.58922042358112
2022-08-16,351.1114583333333,30.995335677083183,26.29001621426993
2022-08-17,351.03729166666665,30.626968385416568,25.98359655870502
2022-08-18,350.964375,30.26480953125009,25.68494581280126
2022-08-19,350.89625,29.926449687500046,25.40827983628164
2022-08-20,350.8226388888889,29.560841701388892,25.111910656116567
2022-08-21,350.744375,29.172124531249956,24.799780227338367
2022-08-22,350.6659027777778,28.78237262152776,24.48991402903001
2022-08-23,350.59819444444446,28.44608225694452,24.22506440533601
2022-08-24,350.543125,28.17256609374988,24.01138430416083
2022-08-25,350.4904861111111,27.91112189236118,23.808597647077622
2022-08-26,350.4401388888889,27.661059826388925,23.615988782644447
2022-08-27,350.38972222222225,27.410652847222345,23.424442484757567
2022-08-28,350.33180555555555,27.122995243055517,23.20605024374895
2022-08-29,350.26673611111113,26.799811579861203,22.962816815051873
2022-08-30,350.1973611111111,26.45524329861102,22.70597850251007
2022-08-31,350.1148611111111,26.045486423611113,22.403934768896104
2022-09-01,350.02479166666666,25.598134010416626,22.078425875592533
2022-09-02,349.9465277777778,25.255844097222383,21.799226026978435
2022-09-03,349.86909722222225,24.938494965277897,21.526370404096387
2022-09-04,349.789375,24.611753437500028,21.248989196190774
2022-09-05,349.7057638888889,24.26907329861114,20.961996084313757
2022-09-06,349.61479166666663,23.896223645833196,20.654348060652715
2022-09-07,349.50152777777777,23.43201159722218,20.27813751682159
2022-09-08,349.3717361111111,22.900060451388804,19.856525938103655
2022-09-09,349.2261805555556,22.303501006944515,19.39604766036598
2022-09-10,349.0889583333333,21.741095729166627,18.974174777702174
2022-09-11,349.06180555555557,21.629810069444485,18.892130569415507
2022-09-12,349.0523611111111,21.591102013888886,18.863709054520335
2022-09-13,349.0443055555555,21.558086319444318,18.839515704913264
2022-09-14,349.02006944444446,21.458754618055615,18.76696887600657
2022-09-15,348.92645833333336,21.075089479166767,18.49042443019607
2022-09-16,348.84138888888884,20.726432361110927,18.244199447079264
2022-09-17,348.7598611111111,20.392290763888813,18.01288032523079
2022-09-18,348.66020833333334,19.98386385416671,17.736428604391715
2022-09-19,348.565625,19.596214062500046,17.480598756619397
2022-09-20,348.48479166666664,19.264918645833216,17.267129317197803
2022-09-21,348.39159722222223,18.882961215277813,17.02706865112491
2022-09-22,348.2860416666667,18.450341770833372,16.763227186008592
2022-09-23,348.1801388888889,18.016299236111177,16.507348752630907
2022-09-24,348.095625,17.669919062499932,16.309714861899113
2022-09-25,347.9740972222222,17.191381111111077,16.036074119279494
2022-09-26,347.89493055555556,16.926647777777795,15.86475167015665
2022-09-27,347.9024305555556,16.95172777777796,15.880736197097429
2022-09-28,347.8997222222222,16.942671111110972,15.874957420477447
2022-09-29,347.9017361111111,16.949405555555586,15.879250839566678
2022-09-30,347.8952083333333,16.927576666666557,15.865343307856332
2022-10-01,347.8704861111111,16.844905555555584,15.812981431404848
2022-10-02,347.864375,16.824469999999984,15.800132084929984
2022-10-03,347.86249999999995,16.818199999999848,15.796189671806937
2022-10-04,347.8565277777778,16.79822888888891,15.783675983773309
2022-10-05,347.84583333333336,16.762466666666754,15.761337852183008
2022-10-06,347.8389583333333,16.739476666666633,15.74703015697958
2022-10-07,347.8279861111111,16.702785555555522,15.72429334565671
2022-10-08,347.82104166666664,16.67956333333326,15.709950309296987
2022-10-09,347.81263888888884,16.651464444444287,15.692670779873533
2022-10-10,347.8147222222222,16.65843111111104,15.696954960722364
2022-10-11,347.7863888888889,16.56368444444446,15.639109468438116
2022-10-12,347.7565972222222,16.46406111111098,15.579104829714717
2022-10-13,347.7373611111111,16.399735555555562,15.540811517211711
2022-10-14,347.7033333333333,16.285946666666618,15.473948150752534
2022-10-15,347.65958333333333,16.139646666666657,15.389659297062911
2022-10-16,347.5708333333333,15.842866666666641,15.224618093775339
2022-10-17,347.4211111111111,15.342195555555477,14.965196165793063
2022-10-18,347.2704861111111,14.838505555555507,14.73028093397919
2022-10-19,347.2439583333333,14.74979666666654,14.69183727845232
2022-10-20,347.2429166666667,14.746313333333449,14.6903422123022
2022-10-21,347.23819444444445,14.730522222222225,14.683605261715151
2022-10-22,347.236875,14.726109999999991,14.68172886557395
2022-10-23,347.23534722222223,14.72100111111114,14.679556196357844
2022-10-24,347.23368055555557,14.715427777777812,14.677186011758439
2022-10-25,347.2320833333333,14.710086666666626,14.674914584850644
2022-10-26,347.23541666666665,14.72123333333328,14.67965495404945
2022-10-27,347.2346527777778,14.71867888888895,14.678568619441439
2022-10-28,347.23284722222223,14.712641111111147,14.676000919458737
2022-10-29,347.2325,14.711480000000051,14.675507131000534
2022-10-30,347.2294,14.701113599999992,14.671123631617878
2022-10-31,347.22493055555555,14.686167777777742,14.66482688755289
2022-11-01,347.22319444444446,14.680362222222271,14.662380980131788
2022-11-02,347.22312500000004,14.680130000000128,14.662283143834976
2022-11-03,347.22222222222223,14.677111111111131,14.661011271975939
2022-11-04,347.2216666666667,14.67525333333342,14.660228581601203
2022-11-05,347.23284722222223,14.712641111111147,14.676000919458737
2022-11-06,347.2288888888889,14.699404444444443,14.670403556473097
2022-11-07,347.2243055555556,14.684077777777887,14.663946360881342
2022-11-08,347.2270138888889,14.693134444444498,14.66776197645829
2022-11-09,347.22625,14.690579999999976,14.666685777192958
2022-11-10,347.2252777777778,14.687328888889027,14.66531606903719
2022-11-11,347.22784722222224,14.695921111111161,14.668936012020437
2022-11-12,347.22520833333334,14.687096666666694,14.665218232740298
2022-11-13,347.2273611111111,14.694295555555591,14.668251157942512
2022-11-14,347.22805555555556,14.696617777777782,14.669229520910953
2022-11-15,347.22375,14.682219999999983,14.663163670506524
2022-11-16,347.2182638888889,14.66387444444443,14.655475079340391
2022-11-20,347.2225,14.678040000000083,14.661402617163347
2022-11-21,347.2201388888889,14.670144444444567,14.65809155951355
2022-11-24,347.2170138888889,14.65969444444453,14.653730759225029
2022-11-25,347.2218055555556,14.675717777777894,14.660424254194908
2022-11-26,347.2340972222222,14.716821111111049,14.67777855790825
2022-11-27,347.2269444444444,14.692902222222164,14.6676641401614
2022-11-28,347.2368055555555,14.725877777777658,14.681630107882262
2022-11-29,347.2572916666666,14.794383333333169,14.711052421591429
2022-11-30,347.25944444444445,14.801582222222256,14.714170298100392
2022-12-01,347.2565277777778,14.791828888889025,14.709946078314216
2022-12-02,347.25930555555556,14.80111777777778,14.713969144777224
2022-12-03,347.26416666666665,14.81737333333329,14.721046741109793
2022-12-04,347.26923611111107,14.834325555555417,14.728454390334655
2022-12-05,347.27166666666665,14.842453333333268,14.732010865085769
2022-12-06,347.27006944444446,14.83711222222227,14.729672086097734
2022-12-07,347.268125,14.830609999999991,14.726830795984048
2022-12-08,347.2727083333333,14.84593666666655,14.733546343457796
2022-12-09,347.2753472222222,14.854761111111017,14.73743622200033
2022-12-10,347.28013888888887,14.870784444444384,14.744499422511767
2022-12-11,347.2848611111111,14.886575555555607,14.75150571478064
2022-12-12,347.29833333333335,14.931626666666709,14.771624848922118
2022-12-13,347.3182638888889,14.998274444444505,14.801807900078494
2022-12-14,347.33451388888886,15.05261444444436,14.826780988280408
2022-12-15,347.34708333333333,15.094646666666655,14.846320277692657
2022-12-16,347.35979166666664,15.137143333333235,14.866261197219064
2022-12-17,347.37333333333333,15.182426666666672,14.887732265585953
2022-12-18,347.3836111111111,15.216795555555592,14.9041729955751
2022-12-19,347.3911111111111,15.24187555555557,14.916238805076611
2022-12-20,347.3923611111111,15.24605555555547,14.918262359888155
2022-12-21,347.3908333333333,15.240946666666616,14.915791923243193
2022-12-22,347.40729166666665,15.295983333333282,14.942527220365827
2022-12-23,347.43027777777775,15.372848888888782,14.980366821111316
2022-12-24,347.4401388888889,15.405824444444466,14.996790002747218
2022-12-25,347.43861111111113,15.400715555555614,14.994243780111637
2022-12-26,347.43659722222225,15.393981111111191,14.990887395728357
2022-12-27,347.4201388888889,15.338944444444529,14.963598113880971
2022-12-28,347.40458333333333,15.28692666666667,14.938106832180358
2022-12-29,347.4075,15.29668000000009,14.94286725022632
2022-12-30,347.418125,15.332209999999915,14.96028786349139
2022-12-31,347.43402777777777,15.385388888888865,14.986605112204797
2023-01-01,347.4372916666667,15.39630333333338,14.992044769653614
2023-01-02,347.43791666666664,15.398393333333235,14.993086406186286
2023-01-03,347.43604166666665,15.39212333333329,14.989961496588077
2023-01-04,347.4297222222222,15.37099111111107,14.979447264587781
2023-01-05,347.43111111111114,15.375635555555636,14.981746155896762
2023-01-06,347.4322916666667,15.379583333333397,14.983711677391659
2023-01-07,347.43402777777777,15.385388888888865,14.986605112204797
2023-01-08,347.43944444444446,15.40350222222228,14.995632628821962
2023-01-09,347.4415972222222,15.410701111110987,14.999224000984032
2023-01-10,347.4471527777778,15.429278888888874,15.00854601280859
2023-01-11,347.4608333333333,15.475026666666594,15.031609067692933
2023-01-12,347.5408333333333,15.742546666666541,15.170684261930058
2023-01-13,347.60520833333334,15.957816666666679,15.287589450393614
2023-01-14,347.67499999999995,16.191199999999846,15.419148174166155
2023-01-15,347.7079861111111,16.301505555555508,15.483026318205434
2023-01-16,347.71805555555557,16.335177777777808,15.50273935799562
2023-01-17,347.7290277777778,16.37186888888892,15.524330416452665
2023-01-18,347.73979166666663,16.40786333333322,15.545624897690992
2023-01-19,347.7524305555555,16.45012777777766,15.570773045894992
2023-01-20,347.7620833333333,16.482406666666535,15.590082625784772
2023-01-21,347.7754861111111,16.527225555555493,15.617051424311647
2023-01-22,347.8021527777778,16.616398888888934,15.671192573573343
2023-01-23,347.8190277777778,16.672828888889025,15.705808934476632
2023-01-24,347.83666666666664,16.731813333333257,15.74227492965461
2023-01-25,347.8569444444445,16.79962222222234,15.784548256419983
2023-01-26,347.89395833333333,16.923396666666655,15.862680938207465
2023-01-27,347.9134027777778,16.98841888888888,15.904223848416999
2023-01-28,347.8954166666667,16.928273333333365,15.865787036131243
2023-01-29,347.9322222222222,17.051351111111064,15.94475228125108
2023-01-30,347.9584722222222,17.139131111111077,16.001819627289454
2023-01-31,347.9748611111111,17.193935555555598,16.037755496182506
2023-02-01,348.01930555555555,17.35712381944441,16.136383466440886
2023-02-02,348.0736111111111,17.579695138888923,16.259209073676722
2023-02-03,348.1040277777778,17.704357847222262,16.329097513282868
2023-02-04,348.13375,17.826174375000083,16.398137212504107
2023-02-05,348.16055555555556,17.936036944444467,16.461025825540155
2023-02-06,348.21333333333337,18.1523466666668,16.58658187610052
2023-02-07,348.255,18.32311749999998,16.687295972592686
2023-02-08,348.25854166666664,18.33763302083324,16.695919148396943
2023-02-09,348.27506944444445,18.405372118055595,16.73630030132688
2023-02-10,348.2861805555556,18.450911006944523,16.763568655151012
2023-02-11,348.2922222222222,18.475672777777774,16.778429932810237
2023-02-12,348.3059722222222,18.53202715277761,16.812380623875754
2023-02-13,348.339375,18.668928437500075,16.895454434123167
2023-02-14,348.3495138888889,18.710482673611185,16.92084294207805
2023-02-15,348.36347222222224,18.767690902777858,16.95592733188975
2023-02-16,348.3702083333333,18.795298854166624,16.972909121495256
2023-02-17,348.38472222222225,18.854784027777896,17.009628600578882
2023-02-18,348.3972222222222,18.906015277777616,17.041378919665306
2023-02-19,348.4110416666667,18.962654270833372,17.076610733247573
2023-02-20,348.4278472222222,19.031531840277793,17.11966912008282
2023-02-21,348.4351388888889,19.06141673611116,17.138415214257712
2023-02-22,348.44062499999995,19.08390156249981,17.152539019986186
2023-02-23,348.44888888888886,19.11777111111099,17.173871524332405
2023-02-24,348.45166666666665,19.12915583333328,17.181046651152975
2023-02-25,348.4652083333333,19.184656354166506,17.216142907352122
2023-02-26,348.4693055555556,19.201448819444597,17.226783637607927
2023-02-27,348.48590277777777,19.269472534722176,17.27003156164007
2023-02-28,348.49430555555557,19.303911319444502,17.292002269748465
2023-03-01,348.50840277777775,19.361688784722094,17.3289823894848
2023-03-02,348.52451388888886,19.427720173611,17.371426532425264
2023-03-03,348.5566666666667,19.559498333333355,17.456704188849415
2023-03-04,348.5982638888889,19.729984548611075,17.56815060980422
2023-03-05,348.73284722222223,20.28157434027782,17.937249912857748
2023-03-06,348.9309722222222,21.09358965277761,18.503618143354934
2023-03-07,349.00680555555556,21.404392569444457,18.72743560505978
2023-03-08,349.07180555555556,21.67079506944445,18.922288978803156
2023-03-09,349.109375,21.8247734375,19.03617656698337
2023-03-10,349.1376388888889,21.940612986111102,19.12245683322097
2023-03-11,349.15493055555555,22.01148288194443,19.175494284327456
2023-03-12,349.1745138888889,22.09174517361114,19.235791573359315
2023-03-13,349.183125,22.127037812500074,19.262380771274966
2023-03-14,349.1935416666667,22.169730520833486,19.29461166019075
2023-03-15,349.2055555555555,22.218969444444298,19.331871566717233
2023-03-16,349.21284722222225,22.248854340277898,19.354525676475635
2023-03-17,349.2188888888889,22.27361611111115,19.373326308226545
2023-03-18,349.22270833333334,22.28927010416671,19.385220747610465
2023-03-19,349.2288888888889,22.314601111111113,19.404492652315213
2023-03-20,349.2370138888889,22.34790142361114,19.429863762293394
2023-03-21,349.24277777777775,22.371524722222095,19.44788219428386
2023-03-22,349.24631944444445,22.38604024305559,19.45897029982423
2023-03-23,349.248125,22.393440312500065,19.46462305951144
2023-03-24,349.2517361111111,22.408240451388785,19.475931398773987
2023-03-25,349.25645833333334,22.4275944791667,19.49074522483173
2023-03-26,349.25615942028986,22.426369384058,19.489807521008384
2023-03-27,349.2684027777778,22.47654878472229,19.528260135263935
2023-03-28,349.2840277777778,22.54058784722229,19.577471428659873
2023-03-29,349.28437499999995,22.542010937499814,19.578567204287836
2023-03-30,349.28569444444446,22.547418680555616,19.582731151675016
2023-03-31,349.2857638888889,22.547703298611076,19.582950306800573
2023-04-01,349.2847916666667,22.543718645833493,19.57988213504189
2023-04-02,349.29013888888886,22.565634236111002,19.596757079715275
2023-04-03,349.30361111111114,22.620850138889,19.63936453734737
2023-04-04,349.4589583333333,23.257540729166646,20.138733742231366
2023-04-05,349.5277083333333,23.539312604166504,20.364422391019318
2023-04-06,349.5543055555556,23.648321319444513,20.452493531308093
2023-04-07,349.5885416666667,23.78863802083341,20.56647960477058
2023-04-08,349.6226388888889,23.92838548611116,20.680691062921998
2023-04-09,349.64784722222225,24.031701840277908,20.765573825584596
2023-04-10,349.6634027777778,24.095456284722218,20.818135589675798
2023-04-11,349.6797916666667,24.16262614583342,20.87366694128619
2023-04-12,349.6879861111111,24.196211076388906,20.90149471611744
2023-04-13,349.7082638888889,24.27931954861113,20.970517667024467
2023-04-14,349.7558333333333,24.474282916666645,21.133375463112625
2023-04-15,349.7764583333333,24.558814479166628,21.204392278595872
2023-04-16,349.7965972222222,24.641353715277702,21.27397103977701
2023-04-17,349.8097916666667,24.695431145833403,21.319679637947317
2023-04-18,349.85548611111113,24.882709826388982,21.478758753019783
2023-04-19,349.9111805555556,25.110973506944525,21.67424242474371
2023-04-20,349.9410416666667,25.233359270833496,21.7797765693486
2023-04-21,349.9604861111111,25.313052326388824,21.848766315884415
2023-04-22,349.9684027777778,25.345498784722245,21.87691863693439
2023-04-23,349.9770833333334,25.38107604166687,21.907824643586387
2023-04-24,349.98645833333336,25.419499479166777,21.941249304220047
2023-04-25,349.9922916666667,25.44340739583342,21.962067023440923
2023-04-26,349.99986111111116,25.474430763889085,21.989115340238236
2023-04-27,350.00291666666664,25.489486354166512,22.000042973207194
2023-04-28,350.0086111111111,25.517769236111167,22.0204228687902
2023-04-29,350.0090972222222,25.52018362847202,22.022162615973915
2023-04-30,350.02173611111107,25.582957829860895,22.067456461608995
2023-05-01,350.03020833333335,25.62503723958341,22.097871654926852
2023-05-02,350.0465972222222,25.70643675347213,22.156821559271002
2023-05-03,350.07270833333337,25.8361241145835,22.251037471491063
2023-05-04,350.18597222222223,26.398677534722278,22.66406290300062
2023-05-05,350.2625,26.778771874999943,22.947056168144446
2023-05-06,350.28027777777777,26.867069652777737,23.01324727693301
2023-05-07,350.2922916666667,26.92673963541683,23.058073845009005
2023-05-08,350.3125,27.027109375000002,23.133649729035817
2023-05-09,350.32374999999996,27.082985312499808,23.17581888283788
2023-05-10,350.3379166666666,27.153347604166413,23.229014706881348
2023-05-11,350.3463888888889,27.195427013888924,23.260878823729875
2023-05-12,350.36020833333333,27.26406473958333,23.31293021092266
2023-05-13,350.37208333333336,27.32304489583349,23.357741280719576
2023-05-14,350.3807638888889,27.366159045138982,23.390544805750917
2023-05-15,350.4445833333333,27.68313427083316,23.63294146404855
2023-05-16,350.8128472222222,29.512208940972197,25.07269197666975
2023-05-17,351.03548611111114,30.618000642361256,25.976170161728856
2023-05-18,351.1093055555556,30.984643368055675,26.281087752696987
2023-05-19,351.14416666666665,31.15778979166658,26.42600290100099
2023-05-20,351.1715972222222,31.29403050347213,26.540435862667167
2023-05-21,351.24055555555555,31.636529305555506,26.829715047070913
2023-05-22,351.3989583333333,32.423276302083295,27.502760986680045
2023-05-23,351.5315972222222,33.0820605034722,28.075380617012996
2023-05-24,351.5997916666667,33.42076526041685,28.372960520879232
2023-05-25,351.6320833333333,33.581149895833164,28.514614866899297
2023-05-26,351.651875,33.67945015625009,28.60167154590197
2023-05-27,351.6672222222222,33.75567597222222,28.669306369312295
2023-05-28,351.68305555555554,33.83431618055548,28.73918946791276
2023-05-29,351.6975694444444,33.906403038194284,28.803353250222543
2023-05-30,351.75423611111114,34.18785220486126,29.054775587096298
2023-05-31,351.79270833333334,34.37893411458335,29.226298117299205
2023-06-01,351.8190972222222,34.51000112847203,29.34433710515482
2023-06-02,351.98270833333333,35.32261661458334,30.083126265798686
2023-06-03,352.173125,36.26836859375014,30.95786674565092
2023-06-04,352.39784722222225,37.38450769097238,32.01047991567409
2023-06-05,352.46805555555557,37.733214930555604,32.34377750886713
2023-06-06,352.60541666666666,38.415453229166616,33.00190474104002
2023-06-07,352.7051388888889,38.910748576388855,33.484658909738265
2023-06-08,352.74555555555554,39.11148805555548,33.68149593566596
2023-06-09,352.7727777777778,39.24669402777777,33.81445284832133
2023-06-10,352.7925,39.34464937500009,33.9109717335936
2023-06-11,352.8070138888889,39.41673623263889,33.9821073046901
2023-06-12,352.8176388888889,39.46950795138891,34.03423539133876
2023-06-13,352.8259027777778,39.51055262152788,34.07481219775762
2023-06-14,352.843125,39.59609109374993,34.159463294883835
2023-06-15,353.1045833333333,40.89468927083328,35.45952024551114
2023-06-16,353.2048611111111,41.392743923610986,35.96547933256086
2023-06-17,353.24833333333333,41.608659583333335,36.18607376769845
2023-06-18,353.2688888888889,41.71075388888899,36.29064282152439
2023-06-19,353.28319444444446,41.78180600694453,36.36351639356693
2023-06-20,353.2941666666667,41.83630229166675,36.41946635033532
2023-06-21,353.30131944444446,41.871828350694514,36.45596116873972
2023-06-22,353.3053472222222,41.891833315972235,36.47652758694039
2023-06-23,353.31166666666667,41.923220416666666,36.5087970937581
2023-06-24,353.31562499999995,41.94288046874978,36.52902464037084
2023-06-25,353.32027777777773,41.96598965277755,36.552800879372064
2023-06-26,353.3220833333333,41.974957395833144,36.562030638051404
2023-06-27,353.32138888888886,41.97150826388875,36.55847918946081
2023-06-28,353.3209722222222,41.96943878472223,36.55634957176055
2023-06-29,353.3203472222222,41.96633456597216,36.55315574861106
2023-06-30,353.318125,41.95529734375005,36.54179993296879
2023-07-01,353.31409722222224,41.93529237847233,36.52121751711706
2023-07-02,353.31444444444446,41.93701694444453,36.522991863311155
2023-07-03,353.31090277777776,41.91942637152766,36.5048950603206
2023-07-04,353.2993055555555,41.86182586805538,36.445685837483836
2023-07-05,353.25138888888887,41.62383576388879,36.20160327835495
2023-07-06,353.1854166666667,41.29616822916682,35.86705567943206
2023-07-07,353.1076388888889,40.90986545138901,35.474877741461974
2023-07-08,353.03055555555557,40.5270118055556,35.08860499193515
2023-07-09,352.94694444444445,40.111736319444496,34.672353313540285
2023-07-10,352.8649305555556,39.70439383680572,34.2668218426961
2023-07-11,352.7798611111111,39.28187517361093,33.849099628918616
2023-07-12,352.69430555555556,38.85694211805557,33.43201338087541
2023-07-13,352.6146527777778,38.461326684027846,33.04644150496966
2023-07-14,352.5397222222222,38.089165347222234,32.68615323228421
2023-07-15,352.5002083333333,37.89290973958326,32.49711163213362
2023-07-16,352.46375,37.71183031250003,32.32327686617323
2023-07-17,352.41979166666664,37.49350026041654,32.11442855777369
2023-07-18,352.36472222222227,37.21998409722246,31.853956292243026
2023-07-19,352.31430555555556,36.9695771180556,31.616626766511068
2023-07-20,352.2554861111111,36.67743564236111,31.341124556246893
2023-07-21,352.2025694444444,36.41461178819426,31.094543595343225
2023-07-22,352.163125,36.2187010937499,30.911533679686347
2023-07-23,352.12118055555555,36.01037352430555,30.717664056026546
2023-07-24,352.08375,35.824465312500045,30.545313726559606
2023-07-25,352.02208333333334,35.51818239583338,30.26269970963695
2023-07-26,351.9424305555556,35.12256696180565,29.90014412060042
2023-07-27,351.84993055555555,34.663142586805506,29.482650245122166
2023-07-28,351.7546527777778,34.18992168402778,29.05663001956023
2023-07-29,351.64020833333336,33.62150473958348,28.55033295380458
2023-07-30,351.5226388888889,33.03756670138883,28.03645085170962
2023-07-31,351.4006944444444,32.431899131944284,27.510200196321094
2023-08-01,351.28277777777777,31.846236527777723,27.00795623135066
2023-08-02,351.16305555555556,31.251606180555573,26.50476502035098
2023-08-03,351.04145833333337,30.6476631770835,26.000735229002444
2023-08-04,350.9192361111111,30.040615954861078,25.501372359198005
2023-08-05,350.80076388888887,29.45219404513878,25.024357968667918
2023-08-06,350.6746527777778,28.82583168402786,24.524310432088186
2023-08-07,350.54847222222224,28.199124409722334,24.03206531997325
2023-08-08,350.4192361111111,27.557240954861076,23.536413077253787
2023-08-09,350.2908333333333,26.91949645833315,23.052627111046853
2023-08-10,350.1590277777778,26.26485121527786,22.565173595281884
2023-08-11,350.02444444444444,25.59640944444443,22.077179351276254
2023-08-12,349.8881944444445,25.016764930555702,21.593353377972484
2023-08-13,349.7472916666667,24.439274895833403,21.1040359966803
2023-08-14,349.6019444444444,23.843569305555487,20.611288286057924
2023-08-15,349.454375,23.238755937500112,20.123790349391676
2023-08-16,349.30375,22.621419374999917,19.639804579173425
2023-08-17,349.1740972222222,22.090037465277693,19.234505565707657
2023-08-18,349.0234027777778,21.47241628472227,18.776925278936105
2023-08-19,348.85777777777776,20.79360222222213,18.291259326683967
2023-08-20,348.68381944444445,20.08063399305559,17.801298244396396
2023-08-21,348.5017361111111,19.334365451388784,17.311469720756286
2023-08-22,348.3199305555556,18.589235381944512,16.846985807946265
2023-08-23,348.21736111111113,18.16885451388897,16.596259429889212
2023-08-24,348.0822222222222,17.614987777777625,16.278911581517836
2023-08-25,347.9270833333333,17.0341666666666,15.933660154196382
2023-08-26,347.79118055555557,16.579707777777827,15.648827946906017
2023-08-27,347.77680555555554,16.531637777777725,15.619715014632977
2023-08-28,347.77701388888886,16.532334444444345,15.620135581525789
2023-08-29,347.77583333333337,16.528386666666776,15.617752369133154
2023-08-30,347.7604166666667,16.476833333333396,15.586742298216254
2023-08-31,347.74430555555557,16.422957777777825,15.554593171383846
2023-09-01,347.7267361111111,16.364205555555547,15.519814313814443
2023-09-02,347.70645833333333,16.296396666666656,15.480045427400025
2023-09-03,347.6940972222222,16.25506111111098,15.455998038171009
2023-09-04,347.68402777777777,16.221388888888868,15.436522057710954
2023-09-05,347.6696527777778,16.173318888888957,15.408889922973692
2023-09-06,347.65965277777775,16.1398788888888,15.389791343483465
2023-09-07,347.64958333333334,16.106206666666687,15.370661789058204
2023-09-08,347.6392361111111,16.071605555555433,15.35111194179577
2023-09-09,347.62604166666665,16.02748333333328,15.32634317282322
2023-09-10,347.6129166666667,15.983593333333463,15.301870929570033
2023-09-11,347.5984722222222,15.935291111111033,15.275152995982884
2023-09-12,347.5959722222222,15.92693111111104,15.270552451884702
2023-09-13,347.5925,15.915319999999909,15.264162807303876
2023-09-14,347.5889583333333,15.903476666666633,15.257669583356193
2023-09-15,347.5872222222222,15.897671111110972,15.254492809040519
2023-09-16,347.58701388888886,15.896974444444353,15.254111596122671
2023-09-17,347.5828472222222,15.883041111111032,15.246487337765199
2023-09-18,347.579375,15.871430000000089,15.240153777874461
2023-09-19,347.57715277777777,15.863998888888858,15.236110732169985
2023-09-20,347.57479166666667,15.856103333333342,15.231814996109069
2023-09-21,347.57243055555557,15.848207777777827,15.227519260048153
2023-09-22,347.5703472222222,15.84124111111107,15.223738785666837
2023-09-23,347.57118055555554,15.844027777777734,15.225246170995682
2023-09-24,347.5721527777778,15.847278888888875,15.227013879335066
2023-09-25,347.57388888888886,15.853084444444345,15.230172508791592
2023-09-26,347.574375,15.854709999999915,15.23105692503944
2023-09-27,347.56916666666666,15.837293333333312,15.221603323117652
2023-09-28,347.56645833333334,15.828236666666701,15.216704320798936
2023-09-29,347.5834722222222,15.885131111111079,15.247630976518845
2023-09-30,347.6172916666667,15.998223333333403,15.310012126788
2023-10-01,347.6140972222222,15.987541111111032,15.30406776056525
2023-10-02,347.61097222222224,15.977091111111184,15.298255863223684
2023-10-03,347.60847222222225,15.968731111111193,15.293629467297407
2023-10-04,347.6065277777778,15.962228888888912,15.290031159354713
2023-10-05,347.6052777777778,15.95804888888901,15.287717961391628
2023-10-06,347.6033333333333,15.951546666666541,15.284119653448828
2023-10-07,347.60291666666666,15.950153333333304,15.283348587461168
2023-10-08,347.6065972222222,15.962461111111054,15.290159670352622
2023-10-09,347.6040277777778,15.95386888888892,15.285404763428437
2023-10-10,347.59694444444443,15.930182222222179,15.272341552367346
2023-10-11,347.59666666666664,15.929253333333229,15.271830380800846
2023-10-12,347.59506944444445,15.923912222222233,15.268891144293736
2023-10-13,347.5940972222222,15.920661111111093,15.267102043811091
2023-10-14,347.59243055555555,15.915087777777764,15.264035014412302
2023-10-15,347.59062500000005,15.90905000000015,15.260719286699286
2023-10-16,347.59006944444445,15.907192222222248,15.259702718918222
2023-10-17,347.5936805555555,15.919267777777666,15.266335286461342
2023-10-18,347.58958333333334,15.90556666666668,15.258813222109842
2023-10-19,347.58402777777775,15.88698888888879,15.248647544299807
2023-10-20,347.58229166666666,15.881183333333318,15.245470769984237
2023-10-21,347.5864583333333,15.89511666666664,15.25309502834171
2023-10-22,347.5888194444444,15.903012222222156,15.257415441410927
2023-10-23,347.58534722222225,15.891401111111215,15.251061892779786
2023-10-24,347.5794444444444,15.871662222222042,15.240280123052578
2023-10-25,347.5827083333333,15.882576666666557,15.246233195819931
2023-10-26,347.580625,15.875609999999991,15.242427991083138
2023-10-27,347.5801388888889,15.873984444444421,15.24154357483529
2023-10-28,347.57881944444443,15.869572222222187,15.23914301644829
2023-10-29,347.5765333333333,15.861927466666607,15.234983733179863
2023-10-30,347.575625,15.858890000000006,15.233331138248221
2023-10-31,347.57430555555555,15.854477777777772,15.230930579861221
2023-11-01,347.575625,15.858890000000006,15.233331138248221
2023-11-02,347.5759027777778,15.859818888888958,15.233836518961306
2023-11-03,347.5752777777777,15.857728888888722,15.232699412356812
2023-11-04,347.5789583333333,15.870036666666472,15.23939570680473
2023-11-05,347.5773611111111,15.864695555555478,15.236489767704747
2023-11-06,347.57374999999996,15.85261999999987,15.22991981843505
2023-11-07,347.57222222222225,15.847511111111206,15.22714022451339
2023-11-08,347.57416666666666,15.854013333333297,15.230677889504678
2023-11-09,347.57409722222224,15.853781111111154,15.230551544326458
2023-11-10,347.57479166666667,15.856103333333342,15.231814996109069
2023-11-11,347.5734722222222,15.851691111111109,15.229414437722067
2023-11-12,347.57125,15.844260000000068,15.225371786439812
2023-11-13,347.5697916666666,15.839383333333167,15.222733862114207
2023-11-14,347.56562499999995,15.825449999999847,15.21519693546999
2023-11-15,347.56444444444446,15.821502222222279,15.213061472920906
2023-11-16,347.56395833333335,15.819876666666708,15.212182164812406
2023-11-17,347.5655555555556,15.825217777777894,15.215071320026064
2023-11-18,347.5645138888889,15.82173444444442,15.213187088364934
2023-11-19,347.56340277777775,15.818018888888805,15.211177241259774
2023-11-20,347.56090277777776,15.809658888888814,15.20665915056216
2023-11-21,347.56349650349654,15.81833230769242,15.211346778187892
2023-11-22,347.5709722222222,15.843331111111116,15.224869324663496
2023-11-23,347.59486111111113,15.923215555555615,15.268507765618914
2023-11-24,347.60604166666667,15.960603333333342,15.28913158236904
2023-11-25,347.61284722222223,15.983361111111131,15.301741704217303
2023-11-26,347.60645833333336,15.96199666666677,15.289902648356804
2023-11-27,347.60645833333336,15.96199666666677,15.289902648356804
2023-11-28,347.6044444444444,15.955262222222157,15.286175829416097
2023-11-29,347.5992361111111,15.937845555555555,15.276558717790707
2023-11-30,347.60131944444447,15.944812222222309,15.280392834508332
2023-12-01,347.5973611111111,15.931575555555607,15.273108309717095
2023-12-02,347.59666666666664,15.929253333333229,15.271830380800846
2023-12-03,347.5995833333334,15.939006666666838,15.277197682248882
2023-12-04,347.5986805555556,15.935987777777841,15.275536374657811
2023-12-05,347.6045833333334,15.955726666666823,15.286432851412124
2023-12-06,347.6025694444445,15.948992222222401,15.282706032471522
2023-12-07,347.5970138888889,15.930414444444512,15.272469345259022
2023-12-08,347.59694444444443,15.930182222222179,15.272341552367346
2023-12-09,347.59708333333333,15.930646666666656,15.272597138150596
2023-12-10,347.59756944444445,15.932272222222226,15.273491688391918
2023-12-11,347.5902083333333,15.907656666666533,15.259956860863383
2023-12-12,347.5892361111111,15.904405555555584,15.258177867246728
2023-12-13,347.5890277777778,15.903708888888966,15.25779665432888
2023-12-14,347.59083333333336,15.90974666666677,15.261100499617134
2023-12-15,347.59270833333335,15.916016666666717,15.264546185978803
2023-12-16,347.59208333333333,15.91392666666667,15.263396049954231
2023-12-17,347.59465277777775,15.922518888888806,15.268124386943986
2023-12-18,347.59555555555556,15.925537777777803,15.269785694535058
2023-12-19,347.5917361111111,15.912765555555577,15.262757085496158
2023-12-20,347.59256944444445,15.91555222222224,15.264290600195553
2023-12-21,347.59222222222223,15.914391111111147,15.26365163573748
2023-12-22,347.58944444444444,15.905102222222203,15.258559080164574
2023-12-23,347.58784722222225,15.899761111111207,15.25563644779427
2023-12-24,347.58652777777775,15.895348888888783,15.253222099314291
2023-12-25,347.58652777777775,15.895348888888783,15.253222099314291
2023-12-26,347.58708333333334,15.897206666666687,15.254238667095358
2023-12-27,347.5914583333333,15.911836666666625,15.26224591392966
2023-12-28,347.58875,15.902780000000014,15.257288370438346
2023-12-29,347.58680555555554,15.896277777777733,15.253730383204823
2023-12-30,347.58534722222225,15.891401111111215,15.251061892779786
2023-12-31,347.58951388888886,15.905334444444346,15.258686151137155
2024-01-01,347.588125,15.900689999999969,15.2561447316847
2024-01-02,347.58638888888885,15.894884444444308,15.252967957369025
2024-01-03,347.59083333333336,15.90974666666677,15.261100499617134
2024-01-04,347.5852083333333,15.890936666666548,15.250807750834415
2024-01-05,347.58638888888885,15.894884444444308,15.252967957369025
2024-01-06,347.59305555555557,15.91717777777781,15.265185150436874
2024-01-07,347.59277777777777,15.916248888888859,15.264673978870375
2024-01-08,347.59555555555556,15.925537777777803,15.269785694535058
2024-01-09,347.5875,15.898599999999924,15.255001092931053
2024-01-10,347.59458333333333,15.922286666666663,15.267996594052413
2024-01-11,347.605,15.95712000000006,15.287203917399784
2024-01-12,347.6095833333333,15.972446666666617,15.295685643264571
2024-01-13,347.61472222222227,15.989631111111269,15.30523078873938
2024-01-14,347.6120833333333,15.98080666666661,15.300320225337927
2024-01-15,347.6129861111111,15.983825555555608,15.302000154922654
2024-01-16,347.61145833333336,15.978716666666754,15.299157197164007
2024-01-17,347.615625,15.992650000000076,15.306910718324001
2024-01-18,347.6088194444444,15.969892222222096,15.294272022287055
2024-01-19,347.610625,15.97593000000009,15.297613308233933
2024-01-20,347.61381944444446,15.98661222222227,15.303550859154653
2024-01-21,347.61333333333334,15.9849866666667,15.302646281685979
2024-01-22,347.61625,15.994739999999931,15.308073746497922
2024-01-23,347.6147222222222,15.989631111111077,15.305230788739275
2024-01-24,347.6097222222222,15.972911111111094,15.295942665260494
2024-01-25,347.60756944444444,15.965712222222194,15.291958824323968
2024-01-26,347.60854166666667,15.968963333333335,15.293757978295316
2024-01-27,347.6088888888889,15.97012444444443,15.294400533285067
2024-01-28,347.6091666666667,15.97105333333338,15.294914577276911
2024-01-29,347.6123611111111,15.981735555555561,15.300837126748629
2024-01-30,347.614375,15.988469999999984,15.30458466197595
2024-01-31,347.61347222222224,15.985451111111177,15.30290473239133
2024-02-01,347.61375,15.986379999999938,15.303421633801925
2024-02-02,347.6129166666667,15.983593333333463,15.301870929570033
2024-02-03,347.6116666666667,15.979413333333373,15.299544873221981
2024-02-04,347.6065972222222,15.962461111111054,15.290159670352622
2024-02-05,347.6066666666667,15.962693333333387,15.290288181350634
2024-02-06,347.60520833333334,15.957816666666679,15.287589450393614
2024-02-07,347.6088888888889,15.97012444444443,15.294400533285067
2024-02-08,347.6069444444445,15.96362222222234,15.290802225342478
2024-02-09,347.6070138888889,15.963854444444483,15.290930736340387
2024-02-10,347.61097222222224,15.977091111111184,15.298255863223684
2024-02-11,347.6171527777778,15.997758888888928,15.309753676082648
2024-02-12,347.6122222222223,15.981271111111276,15.300578676043385
2024-02-13,347.6111111111111,15.977555555555469,15.2985128852195
2024-02-14,347.61229166666664,15.98150333333323,15.300707901395901
2024-02-15,347.6122222222222,15.981271111111084,15.300578676043278
2024-02-16,347.6143055555556,15.98823777777784,15.304455436623329
2024-02-17,347.61347222222224,15.985451111111177,15.30290473239133
2024-02-18,347.61298611111107,15.983825555555416,15.302000154922549
2024-02-19,347.61319444444445,15.984522222222225,15.302387830980628
2024-02-20,347.62,16.007280000000016,15.315051915541968
2024-02-21,347.61861111111114,16.00263555555564,15.312467408488672
2024-02-22,347.6168055555556,15.996597777777833,15.309107549319323
2024-02-23,347.6191666666667,16.00449333333335,15.313501211309969
2024-02-24,347.6250694444445,16.02423222222233,15.324524068610847
2024-02-25,347.636875,16.063709999999915,15.346670078322298
2024-02-26,347.65777777777777,16.13360888888885,15.38622609012733
2024-02-27,347.69930555555555,16.272477777777773,15.46610893430679
2024-02-28,347.7204861111111,16.34330555555547,15.507505479616341
2024-02-29,347.7697222222222,16.507951111110987,15.605430650143985
2024-03-01,347.8203472222222,16.67724111111107,15.708522249014083
2024-03-02,347.84555555555556,16.761537777777804,15.760758893711278
2024-03-03,347.858125,16.803569999999908,15.787019695585263
2024-03-04,347.87187500000005,16.84955000000015,15.815907100145312
2024-03-05,347.8905555555555,16.912017777777667,15.85544000457606
2024-03-06,347.9698611111111,17.177215555555424,16.026762642087004
2024-03-07,348.03798611111114,17.433686076388998,16.178352112488728
2024-03-08,348.06388888888887,17.539848611111026,16.23703585290371
2024-03-09,348.08152777777775,17.612141597222113,16.27731744630603
2024-03-10,348.09166666666664,17.653695833333224,16.30059500826063
2024-03-11,348.10131944444447,17.69325774305566,16.322834918733413
2024-03-12,348.1159722222222,17.753312152777617,16.35675628350304
2024-03-13,348.1190277777778,17.765835347222204,16.36384729215086
2024-03-14,348.12541666666664,17.792020208333213,16.378708313311286
2024-03-15,348.1280555555556,17.80283569444459,16.38485432967517
2024-03-16,348.1322916666666,17.82019739583313,16.39472863271432
2024-03-17,348.1347916666666,17.83044364583312,16.40057191235367
2024-03-18,348.1386111111111,17.846097638888914,16.409499145136156
2024-03-19,348.1404166666667,17.853497708333393,16.413719291542375
2024-03-20,348.1429166666667,17.86374395833338,16.41957604011515
2024-03-21,348.14486111111114,17.871713263889006,16.42413688896474
2024-03-22,348.1517361111111,17.899890451388924,16.440266443780576
2024-03-23,348.1504861111111,17.894767326388813,16.437330773136537
2024-03-24,348.14993055555556,17.892490381944448,16.436027673465283
2024-03-25,348.1538888888889,17.908713611111157,16.445333694446308
2024-03-26,348.15819444444446,17.926359930555623,16.455468195777772
2024-03-27,348.16243055555555,17.943721631944403,16.46544862530627
2024-03-28,348.16125,17.93888312499998,16.462660422529073
2024-03-29,348.1585416666667,17.92778302083338,16.456285494272233
2024-03-30,348.1636805555556,17.948844756944514,16.46840116642789
2024-03-31,348.15920289855075,17.930493079710228,16.457841914883463
2024-04-01,348.15770833333335,17.92436760416672,16.4543239778855
2024-04-02,348.16041666666666,17.935467708333316,16.460698906142344
2024-04-03,348.1597916666667,17.932906145833492,16.459227768852394
2024-04-04,348.1568055555556,17.920667569444596,16.452199001799933
2024-04-05,348.1542361111111,17.910136701388915,16.44615099294077
2024-04-06,348.15375,17.90814437500001,16.445006775048498
2024-04-07,348.150625,17.895336562499963,16.437656548054385
2024-04-08,348.1511111111111,17.897328888888868,16.438796760266783
2024-04-09,348.146875,17.879967187500093,16.428860625273185
2024-04-10,348.14944444444444,17.89049805555554,16.434887461252885
2024-04-11,348.146875,17.879967187500093,16.428860625273185
2024-04-12,348.1464583333333,17.878259479166644,16.427883300519646
2024-04-13,348.14124999999996,17.85691312499982,16.415667051422027
2024-04-14,348.13694444444445,17.83926680555559,16.40560362537659
2024-04-15,348.1348611111111,17.830728263888812,16.400734225677063
2024-04-16,348.14486111111114,17.871713263889006,16.42413688896474
2024-04-17,348.1461111111111,17.876836388888886,16.427068863225095
2024-04-18,348.1488194444444,17.887936493055484,16.433421474122643
2024-04-19,348.1560416666667,17.91753677083339,16.45040094511204
2024-04-20,348.149375,17.890213437500083,16.43472457379403
2024-04-21,348.1515277777778,17.899036597222317,16.439776064683926
2024-04-22,348.15256944444445,17.903305868055586,16.44222796016731
2024-04-23,348.1511111111111,17.897328888888868,16.438796760266783
2024-04-24,348.1640277777778,17.95026784722227,16.46922131673942
2024-04-25,348.1582638888889,17.926644548611083,16.455631655476612
2024-04-26,348.15541666666667,17.914975208333335,16.44892980782196
2024-04-27,348.15444444444444,17.91099055555552,16.446641372037416
2024-04-28,348.15444444444444,17.91099055555552,16.446641372037416
2024-04-29,348.14986111111114,17.892205763888988,16.435864786006427
2024-04-30,348.1481944444444,17.88537493055543,16.431955486992397
2024-05-01,348.1488194444444,17.887936493055484,16.433421474122643
2024-05-02,348.14631944444443,17.877690243055493,16.4275575256018
2024-05-03,348.1461805555556,17.877121006944577,16.427231750684083
2024-05-04,348.14506944444446,17.872567118055617,16.424625551341443
2024-05-05,348.13645833333334,17.83727447916668,16.40446743211337
2024-05-06,348.131875,17.818489687499916,16.393754752774495
2024-05-07,348.12902777777776,17.806820347222168,16.387118651493275
2024-05-08,348.1351388888889,17.83186673611111,16.40138347897037
2024-05-09,348.14340277777774,17.865736284722054,16.420716252327413
2024-05-10,348.1347916666666,17.83044364583312,16.40057191235367
2024-05-11,348.13381944444444,17.826458993055542,16.398299525827365
2024-05-12,348.13222222222225,17.819912777777905,16.394566319391192
2024-05-13,348.12875,17.8056818750001,16.386471702402446
2024-05-14,348.1275694444445,17.80084336805568,16.383722168766052
2024-05-15,348.12861111111107,17.80511263888872,16.386148227856832
2024-05-16,348.1220138888889,17.778073923611103,16.370783186947587
2024-05-17,348.1175694444444,17.759858368055486,16.36046294711441
2024-05-18,348.1154166666667,17.751035208333484,16.355467009203625
2024-05-19,348.1199305555556,17.76953538194456,16.36594236288777
2024-05-20,348.11805555555554,17.76185069444439,16.36159106212656
2024-05-21,348.11527777777775,17.750465972222102,16.355144690628578
2024-05-22,348.1094444444445,17.72655805555569,16.34162270238191
2024-05-23,348.1058333333333,17.711757916666503,16.33327257631575
2024-05-24,348.1013888888889,17.69354236111112,16.32299549808078
2024-05-25,348.1068055555556,17.71574256944455,16.335520687179823
2024-05-26,348.1,17.687850000000093,16.319794700131187
2024-05-27,348.0963194444445,17.672765243055682,16.31131483622176
2024-05-28,348.08986111111113,17.64629576388898,16.296447068848117
2024-05-29,348.0745138888889,17.583395173611045,16.261273832386777
2024-05-30,348.0632638888889,17.537287048611205,16.23561169626568
2024-05-31,348.0468055555555,17.469832569444307,16.198270164390355
2024-06-01,348.0363888888889,17.42713986111113,16.174753457174692
2024-06-02,348.0247222222222,17.379324027777606,16.148524005682223
2024-06-03,348.0098611111111,17.31841576388881,16.11527929735302
2024-06-04,348.0076388888889,17.30930798611112,16.110329928921473
2024-06-05,347.99916666666667,17.275213333333333,16.09147887379325
2024-06-06,347.9820138888889,17.217854444444484,16.053505650649438
2024-06-07,347.9684722222222,17.172571111111047,16.02371778566649
2024-06-08,347.9561805555556,17.131467777777893,15.99681580780597
2024-06-09,347.94381944444444,17.090132222222216,15.969891566315464
2024-06-10,347.9344444444444,17.058782222222103,15.949565081942584
2024-06-11,347.9275,17.03556000000003,15.934558840328648
2024-06-12,347.9197916666667,17.009783333333434,15.917946532433666
2024-06-13,347.9132638888889,16.987954444444405,15.903925529199226
2024-06-14,347.9065277777778,16.96542888888895,15.889499806528192
2024-06-15,347.89652777777775,16.93198888888879,15.868153586930209
2024-06-16,347.8867361111111,16.89924555555544,15.84733957189322
2024-06-17,347.8727777777778,16.852568888888957,15.817813540135901
2024-06-18,347.85576388888893,16.79567444444458,15.782076817254584
2024-06-19,347.8404861111111,16.744585555555485,15.750200308529521
2024-06-20,347.8231944444444,16.686762222222157,15.714395069368834
2024-06-21,347.804375,16.623829999999977,15.675741565834928
2024-06-22,347.7858333333333,16.561826666666555,15.637982688325822
2024-06-23,347.7763194444444,16.530012222222158,15.618733691883008
2024-06-24,347.76659722222223,16.497501111111138,15.599151912906219
2024-06-25,347.7595138888889,16.4738144444444,15.584937078388581
2024-06-26,347.74305555555554,16.418777777777734,15.552105650011995
2024-06-27,347.73284722222223,16.384641111111147,15.531872382035795
2024-06-28,347.72555555555556,16.36025777777779,15.517487836697807
2024-06-29,347.71777777777777,16.334248888888858,15.50219465838178
2024-06-30,347.71375,16.320780000000013,15.49429651398164
2024-07-01,347.7079166666667,16.301273333333366,15.48289082316887
2024-07-02,347.7048611111111,16.29105555555547,15.476929041557943
2024-07-03,347.69979166666667,16.274103333333343,15.46705261794613
2024-07-04,347.69909722222224,16.271781111111153,15.46570449846139
2024-07-05,347.69138888888887,16.246004444444367,15.450740372180473
2024-07-06,347.6854861111111,16.226265555555578,15.439338695139165
2024-07-07,347.6779861111111,16.2011855555556,15.424885918650446
2024-07-08,347.67069444444445,16.176802222222243,15.41088106614545
2024-07-09,347.66743055555554,16.165887777777726,15.404642150873814
2024-07-10,347.66055555555556,16.142897777777797,15.39150794695131
2024-07-11,347.6565277777778,16.12942888888895,15.38384925455661
2024-07-12,347.6492361111111,16.10504555555559,15.370005056590667
2024-07-13,347.64465277777776,16.089718888888843,15.361336188019001
2024-07-14,347.636875,16.063709999999915,15.346670078322298
2024-07-15,347.6322916666666,16.048383333333167,15.338047637461939
2024-07-16,347.61472222222227,15.989631111111269,15.30523078873938
2024-07-17,347.5959027777778,15.926698888888897,15.270424658993129
2024-07-18,347.5733333333333,15.851226666666633,15.229161747365525
2024-07-19,347.5521527777778,15.780398888888936,15.190924055886954
2024-07-20,347.53125,15.7105,15.153655198865302
2024-07-21,347.5095138888889,15.637814444444398,15.11541046092016
2024-07-22,347.49611111111113,15.59299555555563,15.092085020301736
2024-07-23,347.4772222222222,15.529831111111115,15.059538306368058
2024-07-24,347.46861111111116,15.501035555555713,15.044829593037512
2024-07-25,347.46770833333335,15.498016666666716,15.043294477217364
2024-07-26,347.46333333333337,15.483386666666778,15.035855069781551
2024-07-27,347.4589583333333,15.468756666666648,15.028441753598983
2024-07-28,347.4548611111111,15.45505555555547,15.021520585763964
2024-07-29,347.44631944444444,15.42649222222221,15.007147711034918
2024-07-30,347.4403472222222,15.406521111111086,14.997137214924777
2024-07-31,347.4372222222222,15.396071111111048,14.99192903226103
2024-08-01,347.4350694444445,15.38887222222234,14.988341173092776
2024-08-02,347.42861111111114,15.367275555555645,14.97760815154071
2024-08-03,347.4240277777778,15.351948888888897,14.970021810221235
2024-08-04,347.42125000000004,15.342660000000144,14.965424458923483
2024-08-05,347.4192361111111,15.33592555555553,14.962114208533901
2024-08-06,347.4171527777778,15.328958888888966,14.958689811579296
2024-08-07,347.4088194444445,15.301092222222325,14.945020772675669
2024-08-08,347.41069444444446,15.30736222222227,14.94808104141945
2024-08-09,347.4065277777778,15.29342888888895,14.941280444210998
2024-08-10,347.4011805555555,15.275547777777682,14.932554256875823
2024-08-11,347.39694444444444,15.261382222222217,14.925689644936906
2024-08-12,347.3936805555556,15.250467777777894,14.920400517705307
2024-08-13,347.38770833333336,15.23049666666677,14.910764502617631
2024-08-14,347.3826388888889,15.213544444444452,14.902608909158221
2024-08-15,347.3777083333333,15.19705666666661,14.894719008412945
2024-08-16,347.373125,15.181730000000051,14.887399563546595
2024-08-17,347.3697916666667,15.170583333333397,14.882094112899098
2024-08-18,347.3691666666667,15.16849333333335,14.881103436405844
2024-08-19,347.36090277777777,15.140858888888852,14.868009097890317
2024-08-20,347.3475694444444,15.096272222222035,14.847079122692335
2024-08-21,347.32326388888885,15.0149944444443,14.809453972316337
2024-08-22,347.30354166666666,14.949043333333313,14.779462436734319
2024-08-23,347.2825,14.878680000000092,14.74799526308285
2024-08-24,347.2595833333333,14.802046666666541,14.714371451423476
2024-08-25,347.2393055555556,14.734237777777842,14.685185384781448
2024-08-26,347.22333333333336,14.680826666666746,14.662576652725493
2024-08-28,347.2388888888889,14.732844444444414,14.684592838631556
2024-08-29,347.2582638888889,14.797634444444498,14.712460494853596
2024-08-30,347.27402777777775,14.850348888888783,14.735491282729063
2024-08-31,347.31597222222223,14.990611111111132,14.798314617971323
2024-09-01,347.3488888888889,15.10068444444446,14.849138844834634
2024-09-02,347.4147222222222,15.320831111111115,14.95469468179883
2024-09-03,347.4211111111111,15.342195555555477,14.965196165793063
2024-09-04,347.41868055555557,15.334067777777818,14.96120103601269
2024-09-05,347.4136805555556,15.317347777777833,14.952982483321527
2024-09-06,347.4111805555556,15.30898777777784,14.948874444427108
2024-09-07,347.42347222222224,15.350091111111183,14.9691022536977
2024-09-08,347.4475694444444,15.43067222222211,15.00924516369538
2024-09-09,347.4848611111111,15.55537555555557,15.07265233314282
2024-09-10,347.565,15.82335999999999,15.214066396473434
2024-09-11,347.57652777777776,15.861908888888813,15.234973625565594
2024-09-12,347.57854166666664,15.868643333333235,15.238637635735206
2024-09-13,347.5799305555555,15.873287777777612,15.241164539300426
2024-09-14,347.58215277777776,15.880718888888843,15.24521662803897
2024-09-15,347.5758333333333,15.859586666666626,15.233710173782983
2024-09-16,347.57055555555553,15.841937777777689,15.224115631999023
2024-09-17,347.57180555555556,15.846117777777781,15.226382153443762
2024-09-18,347.5690277777778,15.836828888889027,15.221352092229598
2024-09-19,347.57138888888886,15.844724444444353,15.225624082374134
2024-09-20,347.57868055555554,15.869107777777712,15.238890326091747
2024-09-21,347.57930555555555,15.871197777777757,15.240027432696138
2024-09-22,347.58118055555553,15.877467777777703,15.243438752509206
2024-09-23,347.5807638888889,15.876074444444466,15.242680681439682
2024-09-24,347.58208333333334,15.880486666666702,15.24508955706639
2024-09-25,347.59583333333336,15.926466666666755,15.270296866101557
2024-09-26,347.59875,15.936219999999985,15.275664167549385
2024-09-27,347.59819444444446,15.934362222222271,15.27464182441649
2024-09-28,347.59715277777775,15.930878888888799,15.272724931042168
2024-09-29,347.5985416666667,15.935523333333364,15.275280788874563
2024-09-30,347.59791666666666,15.93343333333332,15.27413065284999
2024-10-01,347.59444444444443,15.921822222222186,15.267741008269164
2024-10-02,347.59208333333333,15.91392666666667,15.263396049954231
2024-10-03,347.58805555555557,15.900457777777826,15.256017660712118
2025-01-18,347.45000000000005,15.438800000000152,15.013323543868733
2025-01-19,347.7245833333333,16.35700666666665,15.515571914366433
2025-01-20,347.83951388888886,16.741334444444345,15.748182939361344
2025-01-21,347.92520833333333,17.027896666666656,15.929616066601483
2025-01-22,347.96944444444443,17.175822222222187,16.0258491851609
2025-01-23,348.0079166666667,17.31044645833342,16.110948599975462
2025-01-24,348.0329861111111,17.413193576388785,16.167086756723084
2025-01-25,348.0543055555556,17.500571319444514,16.215258106067257
2025-01-26,348.07368055555554,17.579979756944383,16.25936790126975
2025-01-27,348.0859722222222,17.630357152777727,16.287519911661782
2025-01-28,348.09965277777775,17.6864269097221,16.3189947129698
2025-01-29,348.11958333333337,17.768112291666803,16.365136566450538
2025-01-30,348.13368055555554,17.82588975694439,16.397974899180713
2025-01-31,348.1515972222222,17.899321215277773,16.439939524382766
2025-02-01,348.1671527777778,17.963075659722318,16.476602669543336
2025-02-02,348.1784027777778,18.009183784722392,16.503233788433846
2025-02-03,348.1943055555555,18.074361319444225,16.541057635307233
2025-02-04,348.20493055555556,18.117907881944475,16.566443874245987
2025-02-05,348.21972222222223,18.17853152777781,16.601932478661883
2025-02-06,348.2368055555555,18.2485475694443,16.64314799503266
2025-02-07,348.24685314685314,18.289727622377598,16.667495578957485
2025-02-08,348.3328472222222,18.64217434027768,16.87914955622169
2025-02-09,348.5021527777778,19.336073159722233,17.31256426255189
2025-02-10,349.11569444444444,21.850673680555552,19.055425436671555
2025-02-11,349.3208333333333,22.691435416666636,19.69398906440518
2025-02-12,349.38958333333335,22.97320729166673,19.913894610146713
2025-02-13,349.43131944444445,23.1442627430556,20.04880213888665
2025-02-14,349.45958333333334,23.2601022916667,20.140771477618657
2025-02-15,349.43305555555554,23.151378194444383,20.0544414473512
2025-02-16,349.3785416666667,22.927953020833495,19.878382513595696
2025-02-17,349.36875,22.887821874999908,19.846951410944943
2025-02-18,349.3329861111111,22.741243576388833,19.73265138079458
2025-02-19,349.2713888888889,22.488787361111186,19.537647072820647
2025-02-20,349.21263888888893,22.248000486111287,19.353877378829097
2025-02-21,349.15166666666664,21.998105833333234,19.165462267546282
2025-02-22,349.0834027777778,21.71832628472228,18.957349704006518
2025-02-23,349.0086111111111,21.411792638888933,18.732809216960145
2025-02-24,348.93409722222225,21.106397465277887,18.512771090390444
2025-02-25,348.8750694444445,20.86447211805569,18.34110226841695
2025-02-26,348.884375,20.902610937499908,18.368008550861163
2025-02-27,348.9084027777778,21.001088784722235,18.43775557685696
2025-02-28,348.9458333333333,21.154497916666635,18.5471838434332
2025-03-01,348.97805555555556,21.286560694444447,18.64213366769595
2025-03-02,348.9972222222222,21.36511527777771,18.698940981357037
2025-03-03,349.0109027777778,21.421185034722317,18.739629570525995
2025-03-04,349.02416666666664,21.475547083333243,18.779208790949287
2025-03-05,349.0372222222222,21.529055277777793,18.818275047555527
2025-03-06,349.03506944444445,21.52023211805556,18.811825562838063
2025-03-07,348.97798611111114,21.28627607638899,18.6419283694234
2025-03-08,348.98347222222225,21.308760902777877,18.658161425342463
2025-03-09,349.0072916666666,21.40638489583313,18.7288823467251
2025-03-10,349.01909722222223,21.454769965277805,18.764068983690507
2025-03-11,349.0320138888889,21.507708923611204,18.802671455497222
2025-03-12,349.0440277777778,21.556947847222254,18.838681693513056
2025-03-13,349.05555555555554,21.604194444444392,18.87332107076985
2025-03-14,349.0597222222222,21.62127152777771,18.885858483269256
2025-03-15,349.0647222222222,21.641764027777693,18.90092578835088
2025-03-16,349.07222222222225,21.672502777777897,18.923548151732188
2025-03-17,349.07604166666664,21.688156770833224,18.935090570247386
2025-03-18,349.0872222222222,21.733980277777608,18.96891694217216
2025-03-19,349.09041666666667,21.747072708333345,18.97859135954734
2025-03-20,349.09486111111113,21.765288263888962,18.992074593711667
2025-03-21,349.09527777777777,21.766995972222176,18.993339176388005
2025-03-22,349.10131944444447,21.791757743055662,19.011675831720652
2025-03-23,349.10326388888893,21.799727048611288,19.01758980230138
2025-03-24,349.10895833333336,21.823065729166785,19.034909287573313
2025-03-25,349.12131944444445,21.87372774305559,19.072570247653786
2025-03-26,349.1405555555555,21.95256694444431,19.131384195354546
2025-03-27,349.1668055555556,22.06015256944456,19.212029041897488
2025-03-28,349.20659722222223,22.223238715277805,19.33510645675816
2025-03-29,349.30125,22.611173124999926,19.631884060064472
2025-03-30,349.2967391304348,22.592685326086976,19.617620360062187
2025-03-31,349.3013888888889,22.611742361111077,19.632323868127937
2025-04-01,349.29548611111113,22.587549826388972,19.613658221172695
2025-04-02,349.3021527777778,22.61487315972228,19.634744098172153
2025-04-03,349.2829861111111,22.536318576388787,19.574184101775277
2025-04-04,349.2517361111111,22.408240451388785,19.475931398773987
2025-04-05,349.2739583333333,22.499318229166636,19.54573975071853
2025-04-06,349.29284722222224,22.57673434027783,19.605313861198066
2025-04-07,349.26229166666667,22.451502395833344,19.509050957436045
2025-04-08,349.2134027777778,22.251131284722263,19.356254470199804
2025-04-09,349.2211805555555,22.2830085069443,19.380457582338842
2025-04-10,349.23076388888893,22.32228579861128,19.41033918520331
2025-04-11,349.24055555555555,22.3624169444444,19.44092956173765
2025-04-12,349.2478472222222,22.392301840277767,19.46375340417489
2025-04-13,349.255625,22.424179062500038,19.488131020233325
2025-04-14,349.26631944444443,22.468010243055517,19.521711551913448
2025-04-15,349.2729166666666,22.495048958333133,19.542458935354357
2025-04-16,349.28215277777775,22.53290315972212,19.571554240267705
2025-04-17,349.28965277777775,22.563641909722094,19.595222993835844
2025-04-18,349.29548611111113,22.587549826388972,19.613658221172695
2025-04-19,349.29999999999995,22.606049999999815,19.62793146849747
2025-04-20,349.30354166666666,22.62056552083331,19.63914451643416
2025-04-21,349.31055555555554,22.649311944444374,19.661366628657593
2025-04-22,349.3132638888889,22.660412048611207,19.66995973009833
2025-04-23,349.3177083333333,22.67862760416659,19.684068697030717
2025-04-24,349.32104166666664,22.692289270833243,19.694650422230094
2025-04-25,349.3229861111111,22.70025857638887,19.700833634915114
2025-04-26,349.32409722222224,22.704812465277833,19.704367771083557
2025-04-27,349.32715277777777,22.71733565972219,19.71408664554654
2025-04-28,349.3304166666666,22.73071270833315,19.724468170541055
2025-04-29,349.3375,22.759743749999906,19.74703676636499
2025-04-30,349.34305555555557,22.782513194444487,19.764752786811254
2025-05-01,349.34527777777777,22.791620972222177,19.77184856132752
2025-05-02,349.3459027777778,22.794182534722232,19.773844247910283
2025-05-03,349.34479166666665,22.78962864583327,19.770296360652058
2025-05-04,349.34437499999996,22.787920937499823,19.768965902930155
2025-05-05,349.34388888888884,22.78592861111092,19.767413702254693
2025-05-06,349.35291666666666,22.8229289583333,19.79625033978813
2025-05-07,349.35215277777775,22.819798159722094,19.793806453251616
2025-05-08,349.3540277777778,22.827482847222264,19.799805083841193
2025-05-09,349.3545833333334,22.82975979166686,19.801582455867816
2025-05-10,349.3535416666667,22.825490520833355,19.79824988331799
2025-05-11,349.3561111111111,22.836021388888803,19.80647022894048
2025-05-12,349.355625,22.834029062499898,19.804915028417277
2025-05-13,349.35381944444447,22.826628993055653,19.7991385693313
2025-05-14,349.35284722222224,22.82264434027784,19.796028168284895
2025-05-15,349.355625,22.834029062499898,19.804915028417277
2025-05-16,349.3595138888889,22.84996767361115,19.8173566326029
2025-05-17,349.37354166666665,22.907460520833283,19.862324621397434
2025-05-18,349.37875,22.928806875000102,19.879051592437236
2025-05-19,349.37881944444445,22.929091493055562,19.879274618717687
2025-05-20,349.3783962264151,22.927356933962194,19.87791542081931
2025-05-21,349.3768115942029,22.92086231884049,19.872826250171883
2025-05-22,349.3730882352941,22.90560213235295,19.860868390977558
2025-05-23,349.3797260273973,22.932807123287763,19.882186180982742
2025-05-24,349.38105263157894,22.938244210526282,19.886446674370458
2025-05-25,349.38336842105264,22.947735473684233,19.893896785977226
2025-05-26,349.3787692307692,22.928885692307542,19.879113353560875
2025-05-27,349.37486111111116,22.912868263889084,19.866562120727682
2025-05-28,349.3724305555555,22.90290663194432,19.85875620090891
2025-05-29,349.3703472222222,22.894368090277776,19.852071194327884
2025-05-30,349.36861111111114,22.88725263888899,19.846506212390064
2025-05-31,349.3625,22.862206250000046,19.826917475968607
2025-06-01,349.36097222222224,22.85594465277787,19.822022234172508
2025-06-02,349.35784722222223,22.843136840277822,19.812024516523397
2025-06-03,349.3545138888889,22.82947517361117,19.801360284364396
2025-06-04,349.35006944444444,22.81125961805555,19.787148825128398
2025-06-05,349.3460416666667,22.794751770833383,19.774287733817584
2025-06-06,349.3404861111111,22.771982326388805,19.7565532522039
2025-06-07,349.33680555555554,22.756897569444394,19.744823630123417
2025-06-08,349.3301388888889,22.729574236111084,19.72358463649908
2025-06-09,349.3264583333333,22.71448947916644,19.711877810441155
2025-06-10,349.3222916666666,22.697412395833123,19.698624799809725
2025-06-11,349.3182638888889,22.68090454861119,19.6858323178974
2025-06-12,349.30958333333336,22.645327291666796,19.658286335874294
2025-06-13,349.3021527777778,22.61487315972228,19.634744098172153
2025-06-14,349.2971527777778,22.594380659722297,19.618928343261913
2025-06-15,349.2886111111111,22.559372638888824,19.591935666951425
2025-06-16,349.280625,22.526641562499943,19.566736969048357
2025-06-17,349.2807627118644,22.527205974576177,19.567170703960862
2025-06-18,349.2859459459459,22.54844945945932,19.583524848616335
2025-06-19,349.2868965517241,22.552345517241275,19.586524802470297
2025-06-20,349.3123076923077,22.65649307692304,19.666924267260587
2025-06-21,349.3178494623656,22.679206021505358,19.684516713621864
2025-06-22,349.31848837209304,22.681824593023336,19.686544943770812
2025-06-23,349.32363636363635,22.702923636363597,19.70290190778637
2025-06-24,349.3311111111111,22.733558888888897,19.726677005646444
2025-06-25,349.32545454545453,22.710375454545407,19.708685039698263
2025-06-26,349.32319148936165,22.701100319148715,19.70148688614821
2025-06-27,349.3195918367347,22.68634714285706,19.690047911652304
2025-06-28,349.3135483870968,22.661578064516124,19.670862874654922
2025-06-29,349.3122,22.656051700000077,19.666582396138846
2025-06-30,349.2943,22.582688550000086,19.609907650952533
2025-07-01,349.2649253731343,22.462296641790942,19.51732953967147
2025-07-02,349.2041860465116,22.21335651162783,19.327618563996975
2025-07-03,349.1284090909091,21.902784659090898,19.094224695305556
2025-07-04,349.05029411764707,21.582630441176516,18.857496009514474
2025-07-05,348.9726086956522,21.264236739130475,18.626031142312897
2025-07-06,348.895,20.946157499999927,18.39880313357966
2025-07-07,348.812,20.605982000000047,18.16028640648322
2025-07-08,348.73595238095237,20.294300833333285,17.945921563803058
2025-07-09,348.6779487179487,20.056572820512784,17.78513387316902
2025-07-10,348.59090909090907,19.699840909090803,17.548347587936437
2025-07-11,348.4972222222222,19.31586527777771,17.29964239082654
2025-07-12,348.41031250000003,18.95966578125013,17.074750130175026
2025-07-13,348.3334375,18.64459359375001,16.88062393347879
2025-07-14,348.242,18.269837000000077,16.65571797479249
2025-07-15,348.1621052631579,17.9423884210527,16.464680273961836
2025-07-16,348.0664705882353,17.550429705882337,16.242918643722682
2025-07-17,347.98125000000005,17.215300000000152,16.05181792118916
2025-07-18,347.9334375,17.05541500000008,15.947384281629356
2025-07-19,347.9263888888889,17.031844444444413,15.932162343976056
2025-07-20,347.92,17.01048000000005,15.918394011260263
2025-07-21,347.8951724137931,16.927456551724095,15.865266802981404
2025-07-22,347.82,16.676079999999978,15.70780821887263
2025-07-23,347.72833333333335,16.369546666666732,15.522961900501716
2025-07-24,347.6453571428571,16.09207428571417,15.362668416738842
2025-07-25,347.571724137931,15.845845517241358,15.22623402461406
2025-07-26,347.49692307692305,15.59571076923069,15.093492670958202
2025-07-27,347.42358974358973,15.350484102564057,14.969296775269934
2025-07-28,347.3319512195122,15.04404487804872,14.822811653392227
2025-07-29,347.3125,14.979,14.793021766293812
2025-07-30,347.30225806451614,14.944750967741966,14.77752173531533
2025-07-31,347.26577777777777,14.822760888888865,14.723400952918265
2026-01-21,347.32,15.004079999999977,14.804454325917206
2026-01-22,347.7483333333333,16.43642666666648,15.562608518026162
2026-01-23,347.87142857142857,16.848057142857126,15.814964355094887
2026-01-24,347.94083333333333,17.080146666666657,15.963401883930855
2026-01-25,348.0133333333333,17.332646666666616,16.12303038101472
2026-01-26,348.05375000000004,17.49829437500015,16.213996909271994
2026-01-27,348.15777777777777,17.924652222222175,16.45448743758434
2026-01-28,348.29636363636365,18.492646363636425,16.7886445766333
2026-01-29,348.64714285714285,19.930314999999982,17.70071011590922
2026-01-30,349.0873333333333,21.734435666666435,18.96925344364603
2026-02-01,350.17,26.31934750000008,22.60539294467375
2026-02-02,350.7831034482758,29.36447905172395,24.953852087596562
2026-02-03,350.86483870967743,29.77043766129037,25.281485077575176
2026-02-04,350.94124999999997,30.149953437499843,25.590769942450862
2026-02-05,351.0724675324675,30.80167811688295,26.128592437533815
2026-02-06,351.090625,30.891861718749944,26.20367365258558
2026-02-07,351.08486111111114,30.863233923611247,26.179826380482076
2026-02-08,351.0603472222222,30.74147956597221,26.078562717968993
2026-02-09,351.07916666666665,30.834951041666592,26.156276699681612
2026-02-10,351.1010416666667,30.943598697916705,26.246818335279013
2026-02-11,351.08625,30.870132187500033,26.18557271110938
2026-02-12,351.12694444444446,31.07225131944453,26.35433966501136
2026-02-13,351.29701388888884,31.916943732638654,27.068247019487675
2026-02-14,351.3326388888888,32.09388420138856,27.219531126136715
2026-02-15,351.4422222222222,32.638157222222105,27.688635710737344
2026-02-16,352.03625,35.588544687499976,30.327479822204374
2026-02-17,352.1509722222222,36.158341284722155,30.85528215911313
2026-02-18,352.24680555555557,36.634321493055616,31.30059238209302
2026-02-19,352.2521527777778,36.66087980902779,31.325552763527284
2026-02-20,352.15805555555556,36.193522430555596,30.888063521206988
2026-02-21,352.17284722222223,36.26698894097227,30.956578729278476
2026-02-22,352.1958333333334,36.38115520833358,31.063245080318527
2026-02-23,352.11381944444446,35.973812725694515,30.68372426215536
2026-02-24,352.04173611111105,35.61579282986081,30.35258392089479
2026-02-25,351.98541666666665,35.33606822916659,30.095458669233278
2026-02-26,351.9404861111111,35.11290939236112,29.89132812714771
2026-02-27,351.91,34.961492500000126,29.753336223959447
2026-02-28,351.8820138888889,34.822492482638836,29.627023067810264
2026-03-01,351.8411111111111,34.619338611111075,29.4430415613456
2026-03-02,351.80125000000004,34.42135843750019,29.264468154382484
2026-03-03,351.75875,34.210271562500104,29.074865272123557
2026-03-04,351.7448611111111,34.141288923611086,29.013079923992628
2026-03-05,351.76868055555553,34.25959414930545,29.119095986625922
2026-03-06,351.79013888888886,34.36617232638876,29.21482124931719
2026-03-07,351.81152777777777,34.47240559027774,29.310443507465777
2026-03-08,351.83236111111114,34.575879548611255,29.40378321313411
2026-03-09,351.85006944444444,34.66383241319444,29.483274016381802
2026-03-10,351.86777777777775,34.75178527777762,29.562907788773217
2026-03-11,351.85326388888893,34.679698420139104,29.49762961040182
2026-03-12,351.81569444444443,34.49310038194439,29.329100533716687
2026-03-13,351.78055555555557,34.31857430555561,29.17204281265106
2026-03-14,351.7374305555556,34.10438321180573,28.980060283027274
2026-03-15,351.6965972222222,33.90157425347202,28.79905268924553
2026-03-16,352.01430555555555,35.47955211805554,30.22717696019595
2026-03-17,352.3059722222222,36.928187534722014,31.577504709836273
2026-03-18,352.23979166666663,36.5994852604165,31.267863516432246
2026-03-19,352.1878472222222,36.341490190972195,31.026160136058145
2026-03-20,352.20979166666666,36.450482760416634,31.12812614869221
2026-03-21,352.1841732283464,36.3232423818896,31.009108369537614
2026-03-22,352.143125,36.11936609374999,30.818998240802724
2026-03-23,352.14631944444443,36.135232100694374,30.833768685424626
2026-03-24,352.1356944444444,36.08246038194435,30.784665308120655
2026-03-25,352.09770833333334,35.89379286458339,30.609516025895562
2026-03-26,352.0579166666667,35.69615760416683,30.42671969925712
2026-03-27,352.0315972222222,35.5654355034722,30.30619067933334
2026-03-28,352.0786805555556,35.79928664930574,30.522018131416868
2026-03-29,352.1376811594203,36.09232789855083,30.79384279447175
2026-03-30,352.07967213114756,35.804211557377144,30.52657260123369
2026-05-13,351.73492753623185,34.09195134057954,28.968942903959196
2026-05-14,351.7347916666667,34.091276510416805,28.96833942741176
2026-05-15,351.7351388888889,34.093001076389,28.969881645255878
2026-05-16,351.73784722222223,34.106452690972255,28.98191094444012
2026-05-17,351.7377777777778,34.10610777777793,28.981602500871396
2026-05-18,351.735625,34.09541546875013,28.9720407502377
2026-05-19,351.7366666666667,34.10058916666673,28.97666740377006
2026-05-20,351.7340277777778,34.0874824652778,28.964946548154543
2026-05-21,351.7340972222222,34.08782737847213,28.965254991723263
2026-05-22,351.73041666666666,34.06954697916662,28.948911429146722
2026-05-23,351.72534722222224,34.04436831597231,28.9264180221628
2026-05-24,351.7254166666667,34.044713229166916,28.926726151025743
2026-05-25,351.72590277777783,34.04712762152805,28.928883053065327
2026-05-26,351.72312500000004,34.03333109375019,28.91655789855345
2026-05-27,351.71993055555555,34.01746508680553,28.902390126286626
2026-05-28,351.71479166666666,33.991941510416616,28.87961190106132
2026-05-29,351.70875,33.96193406250005,28.852843617374916
2026-05-30,351.70451388888887,33.94089435763879,28.83408620626775
2026-05-31,351.701875,33.92778765624986,28.82240126164366
2026-06-01,351.6984722222222,33.91088690972222,28.807346628272736
2026-06-02,351.69319444444443,33.884673506944374,28.784000725826242
2026-06-03,351.68409722222225,33.83948987847236,28.743792473003843
2026-06-04,351.6431944444445,33.636336006944596,28.56346883123652
2026-06-05,351.5986111111111,33.41490173611104,28.367792353600382
2026-06-06,351.5504166666667,33.17553197916686,28.157289414121283
2026-06-07,351.5002777777778,32.92650465277787,27.93943375482258
2026-06-08,351.4504861111111,32.67920189236108,27.724239435650453
2026-06-09,351.39430555555555,32.40016711805551,27.48282390484174
2026-06-10,351.33618055555553,32.11147477430543,27.234607248654292
2026-06-11,351.26965277777776,31.78104793402771,26.95245899523985
2026-06-12,351.20430555555555,31.456484618055526,26.677367365909394
2026-06-13,351.13430555555556,31.10881211805556,26.38495201469246
2026-06-14,351.0679861111111,30.77942001736111,26.110088915266168
2026-06-15,350.9988888888889,30.436231388889084,25.82598213403805
2026-06-16,350.92875,30.087869062499898,25.53998095023085
2026-06-17,350.8732638888889,29.812283420139014,25.315444257057152
2026-06-18,350.8137894736842,29.51688886842105,25.07646533884028
