date,area_ha,vol_frs,vol_current,in_domain,in_domain_current
2014-10-13,101.48287210595629,14.407168622031506,9.90389491456899,False,True
2014-10-25,101.61800801870803,14.431654223649865,9.922476102572354,False,True
2014-11-30,99.0206234559808,13.9610278567754,9.567084611883107,False,True
2014-12-01,99.02783883762014,13.96233522915886,9.568063842248447,False,True
2014-12-12,99.47888600318237,14.044061551808092,9.629277386146178,False,True
2014-12-24,100.10825624446245,14.158098662185596,9.714885233613586,False,True
2014-12-25,100.12440311951256,14.16102435337906,9.717105428932976,False,True
2015-01-05,100.78180746966986,14.280141031487418,9.807498527079606,False,True
2015-01-17,101.98299586183701,14.497787250322196,9.97266193100259,False,True
2015-01-18,101.9510036704282,14.491990508081116,9.968263004683877,False,True
2015-01-29,100.42200242169275,14.214947087955714,9.758025332982754,False,True
2015-01-30,100.44254615246207,14.218669456030412,9.760850095963535,False,True
2015-02-10,104.58813996822666,14.969819587608146,10.330869245631165,False,True
2015-02-22,111.64788607983881,16.2489919948221,11.396926813064532,False,True
2015-02-23,111.85469285216483,16.2864638121654,11.430767921263335,False,True
2015-03-06,117.04783648827235,17.227422019583216,12.382276247744683,False,True
2015-03-07,117.28586978847619,17.27055184674768,12.428051882399267,False,True
2015-03-18,121.30358421158272,17.99853120306617,13.180634129741557,False,True
2015-03-19,121.44195889910748,18.02360364608893,13.205115805226708,False,True
2015-03-30,122.8643940746197,18.28133810265429,13.456777413201944,False,True
2015-03-31,122.87331395157794,18.28295431665127,13.458355545279172,False,True
2015-04-11,121.95770142692051,18.117052277296793,13.296362560147472,False,True
2015-04-12,121.93101126503213,18.112216222558857,13.291640454582604,False,True
2015-05-05,121.8693175491333,18.101037789534693,13.280725412538965,False,True
2015-05-29,121.30302221941693,17.99842937435163,13.18053470035838,False,True
2015-06-10,120.7698871156082,17.901829340394666,13.086210797376834,False,True
2015-06-22,120.2829236819788,17.813595262600238,12.999602355923672,False,True
2015-07-04,118.58265900049511,17.505520208465228,12.677434423172135,False,True
2015-07-16,118.06874285215326,17.412402503354095,12.578604394644858,False,True
2015-07-28,117.5411631084329,17.31680905847623,12.47714675162171,False,True
2015-08-09,114.60675899627424,16.78511730744932,11.912838268514275,False,True
2015-08-21,114.9103406961945,16.84012400708606,11.971219364652788,False,True
2015-09-02,115.21071458244525,16.894549475235344,12.028983573547162,False,True
2015-09-03,115.21814903293381,16.8958965412314,12.030413275564193,False,True
2015-09-14,115.41232397440687,16.931079566708224,12.06775461046286,False,True
2015-09-15,115.43576587532846,16.935327061215457,12.072262668332394,False,True
2015-09-26,116.5116586745427,17.130270669684794,12.279165129719749,False,True
2015-10-20,115.53030902881059,16.952457562980445,12.090444044002036,False,True
2015-10-21,115.55929023285235,16.957708737166026,12.096017352471605,False,True
2015-11-01,117.22957018900516,17.260350786675268,12.417225036347144,False,True
2015-11-14,119.25953170648187,17.628164404872,12.807602251246513,False,True
2015-11-25,122.04913144213022,18.133618702037626,13.312538639761497,False,True
2015-11-26,122.01320215795913,18.127108588473202,13.306181920254303,False,True
2015-12-07,119.00003419909578,17.581145426293848,12.757698884441496,False,True
2015-12-08,118.96852693262309,17.57543654877029,12.75163979473521,False,True
2015-12-19,120.86382418553048,17.91885002441919,13.102830432824621,False,True
2015-12-20,120.91967216289767,17.928969253994502,13.112711228820357,False,True
2016-01-12,120.25753302009312,17.808994667398714,12.99500362765207,False,True
2016-01-13,120.26756854146778,17.810813027695463,12.996821250054893,False,True
2016-01-24,120.58132259108048,17.867662879881514,13.052849381498852,False,True
2016-01-25,120.55892595227789,17.863604778936,13.048886899249164,False,True
2016-02-05,119.40089944515204,17.653779166043037,12.834788354836931,False,True
2016-02-06,119.37413614814973,17.648929859777603,12.829641566951873,False,True
2016-02-17,119.5546953043352,17.681645808313256,12.864364481602923,False,True
2016-02-18,119.5759550877823,17.68549791969785,12.868452901496598,False,True
2016-02-29,120.15246579240392,17.78995728327219,12.97597396893074,False,True
2016-03-01,120.1680299363604,17.79277738801481,12.97879292926971,False,True
2016-03-12,120.18019645643135,17.794981869099615,12.980996515772071,False,True
2016-03-13,120.1722232937949,17.793537192551543,12.97955242547638,False,True
2016-03-24,119.88430314450532,17.741368247007404,12.927404650185471,False,True
2016-03-25,119.87803973286331,17.74023336436137,12.926270228076882,False,True
2016-04-05,119.85580115273875,17.736203902448544,12.922242401327049,False,True
2016-04-06,119.81271285603805,17.728396630155462,12.913983241545777,False,True
2016-04-17,118.1008306080832,17.418216561161,12.584775116939076,False,True
2016-04-18,118.00516026498039,17.400881821192872,12.56637697403469,False,True
2016-04-29,116.1006442559209,17.055797976905755,12.200123895369401,False,True
2016-04-30,116.06205294001728,17.048805523398002,12.19270248846486,False,True
2016-05-11,116.7378419756545,17.171253366963224,12.322661918395097,False,True
2016-05-23,118.2180934310647,17.439463694581736,12.607325659820134,False,True
2016-06-04,117.4957415684862,17.308579020217856,12.468411840093497,False,True
2016-06-05,117.48667077793242,17.3069354618229,12.466667457294694,False,True
2016-06-28,117.18003595962524,17.251375560309665,12.407699223004853,False,True
2016-06-29,117.18003595962524,17.251375560309665,12.407699223004853,False,True
2016-07-23,115.65595268072309,16.97522323898736,12.114606284754439,False,True
2016-08-03,118.14325558442499,17.425903644840094,12.592933766235575,False,True
2016-08-15,117.8565808753985,17.3739603636179,12.537804014499711,False,True
2016-08-16,117.79192662745723,17.362245504660066,12.525370505280234,False,True
2016-08-27,114.41980287495988,16.75124227738957,11.876885168261515,False,True
2016-09-08,114.28996265075465,16.727716214338006,11.851915894375892,False,True
2016-09-20,113.41676690003173,16.569499772448687,11.68638003818701,False,True
2016-09-26,113.26343815765559,16.54171776819817,11.66128988034364,False,True
2016-10-02,112.8525141022158,16.467261448541798,11.594047762180768,False,True
2016-10-08,112.3416834471317,16.374702811388005,11.510457291348827,False,True
2016-10-26,112.86947333207009,16.47033433225946,11.596822908884196,False,True
2016-11-02,112.64942773347992,16.43046374008867,11.560815447296717,False,True
2016-11-07,112.58055368504048,16.417984285311686,11.549545148461172,False,True
2016-11-19,112.31301583560571,16.369508457785905,11.505766227644573,False,True
2016-11-25,112.16595249709297,16.342861697156817,11.481701317706124,False,True
2016-12-07,113.39661491302681,16.5658483853705,11.683082440313477,False,True
2016-12-08,113.38985964202044,16.564624381541186,11.681977032330616,False,True
2016-12-13,113.44512459285058,16.574637971133544,11.691692053830378,False,True
2016-12-19,114.00254624819205,16.675638543877017,11.796643509267701,False,True
2016-12-20,114.1025694902951,16.693761996102566,11.815878748133672,False,True
2016-12-25,114.34633537679582,16.73793052438985,11.862756803229964,False,True
2017-01-01,113.56050216817322,16.59554351198879,11.713356476247075,False,True
2017-01-06,113.43611239199717,16.57300502874756,11.689999834821215,False,True
2017-01-12,113.42885674355665,16.571690360325377,11.688637443279505,False,True
2017-01-18,113.19205780278315,16.528784189720078,11.649609458637242,False,True
2017-01-24,114.42040621333359,16.75135159772314,11.877001194871843,False,True
2017-01-25,114.65141868258628,16.793209303612073,11.92142666972813,False,True
2017-01-30,115.7111922134523,16.985232223012776,12.12522927181775,False,True
2017-02-06,116.8698074252336,17.195164504720644,12.348039889468,False,True
2017-02-11,117.47280855093433,17.30442373151445,12.464001644410446,False,True
2017-02-17,118.22118021361426,17.44002299614897,12.607919271848896,False,True
2017-02-18,118.30609224527622,17.455408411746816,12.624248508706964,False,True
2017-02-23,118.6808427762299,17.52331036334763,12.696315918505748,False,True
2017-03-02,119.45770515326444,17.66407192915956,12.845712529473932,False,True
2017-03-07,119.6774816038337,17.703893753751977,12.887977231506481,False,True
2017-03-25,119.09743908771128,17.59879445274251,12.77643059379063,False,True
2017-03-26,119.09994120955372,17.599247818227578,12.776911771068024,False,True
2017-03-31,119.12969083139825,17.604638223886212,12.782632852191972,False,True
2017-04-07,119.22049296685104,17.62109088158112,12.800094801317508,False,True
2017-04-12,119.21920685176507,17.62085784729002,12.799847471493282,False,True
2017-04-19,119.06621018044618,17.593136011794435,12.770425034701187,False,True
2017-04-24,118.81361937903227,17.54736847591191,12.721849880583129,False,True
2017-04-30,118.46697782594215,17.484559657733968,12.655188043450412,False,True
2017-05-01,118.43364652936766,17.47852027980158,12.64877817872455,False,True
2017-05-06,118.3737274196005,17.467663391938018,12.637255273000095,False,True
2017-05-12,118.12268365964015,17.422176168223793,12.588977626853874,False,True
2017-05-18,117.06244946088091,17.230069779297622,12.385086434784789,False,True
2017-05-24,116.1710005892854,17.068546010459624,12.21365395947796,False,True
2017-06-05,116.24222350541643,17.08145106223284,12.227350674118544,False,True
2017-06-11,116.24522642342241,17.08199516818136,12.227928158350462,False,True
2017-06-23,117.33042066622846,17.278624127625335,12.436619358890088,False,True
2017-06-29,116.78641947100539,17.18005524038502,12.332003744424112,False,True
2017-07-05,116.17198143495929,17.068723732250454,12.213842583646016,False,True
2017-07-11,115.31548098890548,16.913532352838615,12.049130959404899,False,True
2017-07-17,114.91097114547331,16.840238239709848,11.971340604898712,False,True
2017-07-23,114.5544503905577,16.7756393851509,11.902778921261095,False,True
2017-07-29,114.49744368960222,16.765310203656878,11.891816094154272,False,True
2017-08-16,114.95568931024465,16.848340831725537,11.979940251970124,False,True
2017-08-22,115.24935657382844,16.901551110755335,12.036414725736236,False,True
2017-08-28,115.1522637523196,16.8839586284976,12.01774302929223,False,True
2017-09-03,113.68430306207749,16.617975294232387,11.736602543375863,False,True
2017-09-09,111.8079680255088,16.277997628248116,11.423122040537804,False,True
2017-09-15,111.08406684381073,16.14683222902014,11.304665483532668,False,True
2017-09-21,110.77652020033116,16.091107111707036,11.254339669145098,False,True
2017-09-27,110.0658960067005,15.962347401935627,11.138055710187354,False,True
2017-10-03,109.7956164600023,15.913374799677033,11.093828148000377,False,True
2017-10-15,110.81556962175158,16.098182570457105,11.26072957446844,False,True
2017-10-21,110.58319374658622,16.05607782576596,11.222704431259562,False,True
2017-11-02,110.19048405827961,15.98492181117485,11.158442845900298,False,True
2017-11-14,110.34333560945011,16.012617352001104,11.183454917910016,False,True
2017-11-20,109.85586932939806,15.924292162251836,11.103687708446957,False,True
2017-12-02,109.52465193198255,15.864278084002443,11.04948849796078,False,True
2017-12-03,109.53749846455958,15.866605778191598,11.051590657837023,False,True
2017-12-08,109.23250027911949,15.811342422130739,11.001681863855916,False,True
2017-12-14,108.0646440173282,15.599735732306833,10.811736043498865,False,True
2017-12-15,107.90587065153012,15.570967203620606,10.787057214585392,False,True
2017-12-20,107.38873626336934,15.47726637788288,10.715951236213282,False,True
2017-12-27,107.20220051807017,15.443467516766148,10.690302571234646,False,True
2018-01-01,107.58342136326178,15.512541840192847,10.742720437448494,False,True
2018-01-08,108.92114692049896,15.754927556929612,10.950733132445283,False,True
2018-01-13,109.36599763624685,15.835531129907697,11.023526885931302,False,True
2018-01-20,109.5398829735311,15.867037833117216,11.051980850214182,False,True
2018-01-25,109.19845253855931,15.805173229986433,10.996110415400613,False,True
2018-02-01,107.91038759297038,15.571785639122965,10.787678294033427,False,True
2018-02-06,107.74317761423717,15.541488460212445,10.76468692195761,False,True
2018-02-13,108.43021855657658,15.665975063862579,10.870399400167077,False,True
2018-02-18,108.52561267407592,15.683259753848098,10.886009346666969,False,True
2018-02-25,108.1184251465975,15.60948046469557,10.820358097556323,False,True
2018-03-02,107.99194057644445,15.586562420686597,10.800080412500039,False,True
2018-03-09,108.06062185145797,15.599006946382083,10.811091220081572,False,True
2018-03-14,108.40071808816461,15.66062980291468,10.865614585013907,False,True
2018-03-20,108.90356363932077,15.751741599849028,10.947855868252487,False,True
2018-03-21,108.95838167698275,15.76167421216769,10.956826092597177,False,True
2018-03-26,109.3416742332605,15.831123913917523,11.019546692715355,False,True
2018-04-01,110.3347580519705,16.011063163695216,11.182051317595171,False,True
2018-04-02,110.49634850773518,16.040342127699788,11.208493392174846,False,True
2018-04-07,111.15918387858177,16.160442865531955,11.316957361949747,False,True
2018-04-19,111.27368672230517,16.181189911661217,11.335694190922666,False,True
2018-05-01,110.1181716683287,15.971819355015306,11.146609909362878,False,True
2018-05-07,109.94644559532824,15.940703894103748,11.118509279235532,False,True
2018-05-13,108.77138334515489,15.727791533883298,10.926226365570798,False,True
2018-05-19,106.16302137939878,15.255176144905857,10.547415439667333,False,True
2018-05-25,101.43227863056246,14.398001468328571,9.896938311702339,False,True
2018-05-31,97.12257488921973,13.617115863940533,9.309492306394107,False,True
2018-06-12,73.91221342910819,9.435212906162107,6.353172676842745,True,True
2018-06-18,72.38395056743342,9.174266098873227,6.1907947477898,True,True
2018-06-24,70.67351284014721,8.887113785246692,6.026826192299384,True,True
2018-06-30,70.62232712715972,8.878600609390196,6.02207323323626,True,True
2018-07-06,72.75847854738954,9.237833770712948,6.230588345660139,True,True
2018-07-12,73.09520536245131,9.295197816288738,6.266365569760452,True,True
2018-07-18,72.90392953844685,9.262588055544795,6.246042513459977,True,True
2018-07-30,73.12121200075671,9.299637230020577,6.269128775080401,True,True
2018-08-05,73.88849397097928,9.431132087050022,6.350652484416549,True,True
2018-08-23,68.56698982562209,8.540624720857528,5.831220483807765,True,True
2018-08-29,68.72309594747901,8.566029693679114,5.8457160522659075,True,True
2018-09-16,68.82611158974838,8.582817942121139,5.855281790476635,True,True
2018-09-22,69.31717329365448,8.663109098040632,5.9008803772679155,True,True
2018-09-28,70.93728037549613,8.931056997845683,6.0513188920103556,True,True
2018-10-04,71.46326194739972,9.019053771475857,6.100160037972831,True,True
2018-10-16,66.2383190218726,8.166856016680239,5.614986766316742,True,True
2018-10-22,66.56439947201208,8.218605915875447,5.645265665258265,True,True
2018-10-28,68.09317216818405,8.463782798785335,5.787223129902805,True,True
2018-11-03,70.45443144764913,8.850709961654129,6.006482920138848,True,True
2018-11-09,74.17146730246905,9.47988867079045,6.380718400887337,True,True
2018-11-15,75.68902824300496,9.743768194213523,6.541959250819277,True,True
2018-11-21,76.04996939567343,9.807124295158731,6.580309248290302,True,True
2018-11-27,76.86037936274755,9.950204593677805,6.666415307291928,True,True
2018-12-03,77.40441228133174,10.046897786202381,6.724218804891498,True,True
2018-12-09,77.37996222299799,10.04254035053012,6.721620986193536,True,True
2018-12-21,75.72445291316406,9.749976126632447,6.545723122023682,True,True
2018-12-27,75.69204796044971,9.744297379149815,6.542280095797782,True,True
2019-01-02,76.16876928466223,9.828026885609104,6.592931736495362,True,True
2019-01-08,76.39211549573562,9.867391329286981,6.61666227142191,True,True
2019-01-26,78.38556416668374,10.222583488554989,6.828466192710146,True,True
2019-02-01,80.78244354671199,10.656408097239463,7.113809970430835,False,True
2019-02-07,82.90049206280149,11.040182410945405,7.421889754589307,False,True
2019-02-13,84.44558227095165,11.320141028390758,7.646630148502058,False,True
2019-02-25,84.3696542004562,11.306383438361987,7.635586065520902,False,True
2019-03-09,84.60721940246862,11.349428449687345,7.670141003995435,False,True
2019-03-15,84.49765726251246,11.329576621577448,7.654204692729086,False,True
2019-03-21,84.10893267459666,11.259142676927567,7.597662934486786,False,True
2019-04-02,82.64652562241322,10.994165619722748,7.3849491814419235,False,True
2019-04-08,82.45949870625111,10.960277762173966,7.357745266363798,False,True
2019-04-20,82.31649271751424,10.934366162526258,7.336944395274799,False,True
2019-04-26,82.44856526781405,10.958296706121304,7.35615494804568,False,True
2019-05-02,81.88295495595969,10.855812410975094,7.273884357230501,False,True
2019-05-08,81.56909876201055,10.798944051010624,7.228232547201535,False,True
2019-05-26,81.64195876931441,10.812145731277738,7.2388303664457325,False,True
2019-06-01,81.44403921805913,10.77628421093248,7.210042068081328,False,True
2019-06-13,79.87087963981489,10.491239636691434,6.989110197289264,False,True
2019-06-19,79.73055837313959,10.46581448830244,6.9730734810978,False,True
2019-06-25,79.87362919747562,10.491737835668571,6.989424432450491,False,True
2019-07-01,79.96661912004808,10.50858690378279,7.0000518521730575,False,True
2019-07-07,79.79299643754963,10.477127791626735,6.98020925988752,False,True
2019-07-19,80.0215688375678,10.518543375492136,7.006331819889597,False,True
2019-07-25,80.12304918159435,10.536930843525841,7.017929573492633,False,True
2019-08-06,78.87181857979822,10.310271831797472,6.8801307241035605,True,True
2019-08-12,77.12712378145902,9.997549678191623,6.69475690178002,True,True
2019-08-18,76.03225487013621,9.804009406337482,6.578427079951973,True,True
2019-08-24,75.202021105897,9.658644972581657,6.490214742501557,True,True
2019-08-30,72.08957587126457,9.124475332869634,6.160741023622166,True,True
2019-09-05,70.90601452289341,8.925842000165286,6.048415634268674,True,True
2019-09-11,71.0048464307182,8.942333229079177,6.057592882852405,True,True
2019-09-17,71.00824686153948,8.942900809601118,6.057908637142952,True,True
2019-09-23,70.81486999456061,8.910647785493298,6.039952213780628,True,True
2019-09-29,70.91007374982587,8.926519060193232,6.048792562483831,True,True
2019-10-11,69.68065748192663,8.722817094219865,5.934632480464616,True,True
2019-10-17,67.61489488298511,8.386626998763631,5.74281166770576,True,True
2019-10-23,66.86499613237588,8.266482276194214,5.673178212292046,True,True
2019-10-29,66.88557740564461,8.269765756410058,5.675089330524142,True,True
2019-11-04,66.37411992924606,8.18838483857858,5.627596850572848,True,True
2019-11-10,66.98259377758268,8.285256072446685,5.684097993632678,True,True
2019-11-16,70.6695592256432,8.886456222548489,6.0264590709525825,True,True
2019-11-22,78.1344455867733,10.177458254713205,6.801784843594662,True,True
2019-11-28,82.82715501154563,11.026894293935273,7.411222547133909,False,True
2019-12-04,85.90693255364164,11.584926606984954,7.8515447901279405,False,True
2019-12-10,86.90082105598488,11.765011659328904,7.977437333758084,False,True
2019-12-16,86.57457077354339,11.705897584609067,7.936112297982162,False,True
2019-12-22,86.45049728610117,11.683416410485563,7.920396322906148,False,True
2020-01-09,87.3423402726038,11.845011589953135,8.033363101196482,False,True
2020-01-15,87.38368017602882,11.85250206665614,8.03859948896365,False,True
2020-01-21,87.11799549963294,11.804362020018178,8.004946096620172,False,True
2020-02-08,86.73885845361923,11.73566526518508,7.956922070791769,False,True
2020-02-09,86.7368726872175,11.735305459386385,7.956670540380883,False,True
2020-02-14,86.87347454240897,11.760056678647338,7.97397344203847,False,True
2020-02-20,87.29614089594479,11.83664061358679,8.027511180153006,False,True
2020-02-21,87.33802598204258,11.8442298732518,8.03281662439206,False,True
2020-02-26,87.27436235337306,11.832694506986545,8.024752564760588,False,True
2020-03-04,86.47858166531846,11.688505086820452,7.923953677607004,False,True
2020-03-09,86.31804252770968,11.659416613685519,7.903618720176559,False,True
2020-03-16,86.57506974701681,11.705987994814908,7.936175501288796,False,True
2020-03-21,86.53810315536417,11.699289929008685,7.931493066346128,False,True
2020-03-28,86.15124514790736,11.629194194569376,7.882491052068265,False,True
2020-04-09,86.93174975542463,11.770615704897805,7.981354969020454,False,True
2020-04-14,86.92964632218488,11.770234578761231,7.981088534143418,False,True
2020-04-21,86.81153415823765,11.748833551204573,7.966127660043435,False,True
2020-04-26,86.7542473338158,11.73845361346477,7.958871328950001,False,True
2020-05-03,86.55795587897342,11.702887091831187,7.934007744669966,False,True
2020-05-08,85.92373170369065,11.587970485457014,7.853672682467482,False,True
2020-05-14,84.67493684813725,11.361698336821648,7.679990814274509,False,True
2020-05-15,84.51205057522759,11.332184580586528,7.656298265487649,False,True
2020-05-20,84.0739550243731,11.252804992210896,7.592575276272452,False,True
2020-05-21,84.0613632332086,11.25052345523203,7.590743743012159,False,True
2020-05-26,84.22638247595079,11.280423689410132,7.614746541956478,False,True
2020-05-27,84.27415346898536,11.289079430734105,7.621695050034234,False,True
2020-06-08,84.0046617608236,11.24024957883809,7.5824962561197955,False,True
2020-06-13,83.99074131790127,11.237727300246068,7.580471464422002,False,True
2020-06-14,83.98452093478826,11.236600214042873,7.5795666814237475,False,True
2020-06-19,83.87688502883603,11.21709740491308,7.5639105496488765,False,True
2020-06-26,83.11229018344387,11.078558622715951,7.452696753955473,False,True
2020-07-01,82.29285863427523,10.930083846041901,7.333506710440035,False,True
2020-07-02,82.13018348917957,10.900608344564075,7.309844871153393,False,True
2020-07-07,81.31595685429582,10.753076658849656,7.1914119060793915,False,True
2020-07-08,81.14770880486299,10.722591389408018,7.166939462525526,False,True
2020-07-14,80.12401402940223,10.537105666624788,7.0180398418135335,False,True
2020-07-19,79.58846057366539,10.440067445655364,6.956833732586462,False,True
2020-07-20,79.50115731810492,10.424248758438097,6.946997965048647,False,True
2020-07-25,78.85602499368348,10.307417670630338,6.878452655578869,True,True
2020-07-31,77.75180338048972,10.108910629968204,6.761129109177032,True,True
2020-08-01,77.60117488684602,10.081995972431631,6.74512483172739,True,True
2020-08-06,76.95330387775736,9.96668354299104,6.67628853701172,True,True
2020-08-07,76.83132641891744,9.945054496611592,6.663328432009978,True,True
2020-08-12,76.24099207610814,9.840746554102743,6.60060540808649,True,True
2020-08-13,76.12911336175664,9.821046673659124,6.588718294686642,True,True
2020-08-18,75.58517529508369,9.725581190429333,6.5309248751026425,True,True
2020-08-19,75.47911160504127,9.70702623949821,6.519655608035635,True,True
2020-08-24,75.03876106154466,9.630202734793466,6.472868362789121,True,True
2020-08-25,74.98104083810642,9.620157723574003,6.466735589048807,True,True
2020-08-30,74.80104311724185,9.58887133336107,6.447610831206946,True,True
2020-08-31,74.75706143145361,9.581235705229133,6.442937777091945,True,True
2020-09-05,74.24400040261318,9.49240874588041,6.3884250427776506,True,True
2020-09-06,74.07252497516555,9.462825185065983,6.370205778611339,True,True
2020-09-11,73.055519540602,9.288427303573533,6.262148951188963,True,True
2020-09-18,72.82844417139432,9.249736333373223,6.2380221932106465,True,True
2020-09-23,72.90239365666349,9.262326395288621,6.2458793260204954,True,True
2020-09-24,72.83787598635514,9.251341902816032,6.239024323550233,True,True
2020-09-29,72.33688086360696,9.166294476513443,6.185793591758239,True,True
2020-09-30,72.24699490157752,9.151082614882714,6.176243208292611,True,True
2020-10-05,71.96732189848439,9.103843241989185,6.148742022590037,True,True
2020-10-06,71.9253401709292,9.09676455413378,6.144621593774436,True,True
2020-10-11,71.65058338340744,9.050511288983293,6.117654723888041,True,True
2020-10-17,71.28341267739174,8.988908964735765,6.083459748614947,True,True
2020-10-23,70.67478325390461,8.887325079670388,6.026944159291142,True,True
2020-10-29,69.70311177697313,8.726514204158592,5.9367175221475055,True,True
2020-10-30,69.53137823979361,8.69826737856391,5.920770836552264,True,True
2020-11-04,68.64394987041172,8.553143981386743,5.838366773681088,True,True
2020-11-05,68.47174493071641,8.525145887728385,5.822376314995095,True,True
2020-11-10,67.77881704277927,8.413025133737552,5.758033011115217,True,True
2020-11-16,67.50390356585748,8.368780816725657,5.7325053311153376,True,True
2020-11-17,67.4927282164062,8.366984635040074,5.731467620094862,True,True
2020-11-23,67.57033303260648,8.379459398917707,5.738673781599173,True,True
2020-11-28,67.8038348228431,8.417058076260032,5.760356090692573,True,True
2020-11-29,67.84230939445695,8.423262734319582,5.763928729485287,True,True
2020-12-10,68.24553485214233,8.488448919431255,5.801371093413215,True,True
2020-12-11,68.3397162983546,8.503716147970259,5.810116513418642,True,True
2020-12-16,68.9051544358291,8.595713022580016,5.862621483326988,True,True
2020-12-17,69.00614900496109,8.612204705616366,5.871999550460672,True,True
2020-12-22,69.24703683674723,8.65161508119514,5.894367706269385,True,True
2020-12-23,69.24471328184127,8.651234434788414,5.894151947599546,True,True
2020-12-28,69.15871053386122,8.63715212993694,5.886165978144256,True,True
2020-12-29,69.15109203982043,8.635904969340178,5.885458546554754,True,True
2021-01-09,69.47516682133205,8.689032777335981,5.915551204837977,True,True
2021-01-10,69.42884352183043,8.68142752644432,5.91124975559854,True,True
2021-01-15,68.9929870442171,8.610054768170732,5.870777368391588,True,True
2021-01-16,68.87943963175567,8.591516108462066,5.860233680091598,True,True
2021-01-21,68.41962159255475,8.51668142792024,5.817536290737226,True,True
2021-01-22,68.38135122434504,8.510470969868827,5.8139826136891815,True,True
2021-01-27,68.44843638003461,8.521360744692835,5.820211949574642,True,True
2021-01-28,68.48376306006072,8.527097546551321,5.823492284148496,True,True
2021-02-02,68.62633499987678,8.550277163879166,5.836731107131414,True,True
2021-02-03,68.64988297289167,8.554109592915369,5.838917704625655,True,True
2021-02-08,68.7344367105838,8.567876750526501,5.846769123125638,True,True
2021-02-09,68.73517586222252,8.567997135290996,5.846837758634948,True,True
2021-02-14,68.63224695164597,8.551239333132822,5.837280074081411,True,True
2021-02-15,68.59537292641423,8.545240689063675,5.833856057452749,True,True
2021-02-21,68.30639852153266,8.498313506302233,5.807022719856604,True,True
2021-02-27,68.2167590153496,8.483786492823127,5.798699051425319,True,True
2021-03-04,68.41468385673869,8.515879986499737,5.817077786697164,True,True
2021-03-05,68.44910764009096,8.521469752557032,5.820274280865589,True,True
2021-03-10,68.77905523477258,8.575147175308722,5.850912271800311,True,True
2021-03-16,69.47023769587412,8.688223525055005,5.915093500331168,True,True
2021-03-17,69.49910047536895,8.692964250201303,5.917773615569974,True,True
2021-03-22,69.34201739182352,8.66718203181648,5.9031873292407555,True,True
2021-03-23,69.29833568746282,8.66002086670327,5.899131170978691,True,True
2021-03-28,69.1384180707111,8.633831445641558,5.884281677994602,True,True
2021-03-29,69.09698420706214,8.627053580773287,5.880434247798627,True,True
2021-04-04,68.60081284845182,8.546125388284997,5.834361193070526,True,True
2021-04-09,68.24998257037008,8.489169609647266,5.801784095820079,True,True
2021-04-10,68.20339803732249,8.481623123898908,5.797458389179945,True,True
2021-04-15,67.91040065573961,8.434250020345408,5.770251489461534,True,True
2021-04-16,67.82425584444033,8.420350298853284,5.762252328412316,True,True
2021-04-21,67.2574214391993,8.329228467881881,5.709617705068507,True,True
2021-04-22,67.12327487125822,8.307748086663814,5.697161238045406,True,True
2021-04-28,66.17932924889,8.157515078726787,5.6095091445397856,True,True
2021-05-04,65.43145959862832,8.039633039547416,5.540064105586915,True,True
2021-05-09,65.17926425292032,8.000109103308173,5.515982192473282,True,True
2021-05-15,64.78440719065549,7.938459869434529,5.4761927500450565,True,True
2021-05-16,64.7074518946182,7.9264781381324365,5.467819708408002,True,True
2021-05-22,64.18309792088985,7.845122007971004,5.410140771297884,True,True
2021-05-28,63.88298067220411,7.798781999787789,5.377127873942453,True,True
2021-06-02,63.800639953745794,7.7860973763849834,5.368070394912038,True,True
2021-06-09,63.20806537029036,7.695173337918452,5.30288719073194,True,True
2021-06-14,62.99206294705252,7.662189801700764,5.2791269241757774,True,True
2021-06-20,62.70760937945375,7.618883045076261,5.247837031739913,True,True
2021-06-21,62.63491738275807,7.607840437830409,5.2398409121033875,True,True
2021-06-26,62.37080891747196,7.567800094153376,5.210788980921916,True,True
2021-07-08,68.19507831174022,8.480276019237392,5.7966858432330195,True,True
2021-07-14,67.62464137089276,8.388194841871261,5.7437166987257555,True,True
2021-07-15,67.48637643877501,8.365964289041942,5.730877812171965,True,True
2021-07-20,66.7683966911378,8.251078483321388,5.664208264177081,True,True
2021-07-26,66.08789706918787,8.143049219926326,5.601019013567446,True,True
2021-07-27,65.99119281727795,8.127765225817955,5.592039333032953,True,True
2021-08-01,65.52420025971327,8.054195891306746,5.548675738401946,True,True
2021-08-07,65.9790930039321,8.125853570526802,5.590915778936553,True,True
2021-08-08,66.20919568236788,8.162244351727356,5.612282456219875,True,True
2021-08-13,67.59425111401248,8.38330652903335,5.740894746301159,True,True
2021-08-31,58.535167741755,7.000786917576125,4.68144741932175,True,True
2021-09-01,58.43371489048921,6.986159923695561,4.662847729923023,True,True
2021-09-06,57.066464474060645,6.7909071395882945,4.415009828362902,True,True
2021-09-12,54.470338999814054,6.429826506180109,4.096440679977687,True,True
2021-09-13,54.22426720437578,6.396262872062209,4.066912064525093,True,True
2021-09-18,53.72172911373895,6.328074535163068,4.006607493648675,True,True
2021-09-25,53.501147697059224,6.298296818038092,3.980137723647107,True,True
2021-09-30,53.387580996108355,6.283001305519327,3.966509719533003,True,True
2021-10-06,53.2089605779797,6.258993843277887,3.9450752693575644,True,True
2021-10-18,51.57518879602239,6.040294484412103,3.7393126851460554,False,True
2021-10-19,51.57715717991177,6.040557926361689,3.7395938828445385,False,True
2021-10-24,51.542746257751524,6.035952483048582,3.7346780368216463,False,True
2021-10-31,50.94432629005614,5.955861945927295,3.6491894700080203,False,True
2021-11-05,50.77435773951795,5.933113920725604,3.6249082485025648,False,True
2021-11-12,51.094361409552974,5.975942147050655,3.670623058507568,False,True
2021-11-17,52.004003714197445,6.09768564609831,3.7990701573923973,False,True
2021-11-23,53.47283073654783,6.29448001609199,3.9767396883857393,True,True
2021-11-24,53.66127441993324,6.319904044629924,3.9993529303919892,True,True
2021-11-29,54.735115814955265,6.466070544316159,4.128213897794632,True,True
2021-12-05,56.69376923744501,6.738291174421355,4.363252308493402,True,True
2021-12-06,57.0486626668755,6.788388022768191,4.412296138243216,True,True
2021-12-11,59.601450067195344,7.1556796782400145,4.876932512319146,True,True
2021-12-17,63.03132802757591,7.668178401903188,5.2834460830333505,True,True
2021-12-18,63.298877689839635,7.7090654045744165,5.31287654588236,True,True
2021-12-23,63.625392026048836,7.759140416159289,5.348793122865372,True,True
2022-01-04,63.30438901372899,7.709909255075264,5.313482791510189,True,True
2022-01-16,64.66064928385912,7.919195430007633,5.462671421224503,True,True
2022-01-28,66.05755283395467,8.138251509218483,5.598201334581505,True,True
2022-02-09,65.57318994622905,8.061894992271482,5.553224780721269,True,True
2022-03-05,66.86925903834964,8.267162368589087,5.673574053561038,True,True
2022-03-17,66.13666952686641,8.150764227834118,5.605547884637596,True,True
2022-04-10,66.22588654020892,8.164887306179967,5.613832321590828,True,True
2022-04-22,64.16785102372756,7.842763939347578,5.408463612610032,True,True
2022-05-04,64.06197827386853,7.82640061112908,5.396817610125539,True,True
2022-05-16,63.0377814758786,7.669163290663681,5.284155962346647,True,True
2022-05-28,62.76293058291001,7.627294148076838,5.253922364120101,True,True
2022-06-21,63.75583970236473,7.779200601113812,5.363142367260121,True,True
2022-07-03,61.36590082116432,7.4166208145247365,5.100249090328075,True,True
2022-07-27,66.15093178863525,8.15302092335416,5.60687223751613,True,True
2022-08-20,61.71588698491556,7.469062410500356,5.138747568340711,True,True
2022-09-01,62.21074501657324,7.5435959319985715,5.193181951823057,True,True
2022-09-13,63.05932674545186,7.672451878434966,5.286525941999705,True,True
2022-09-25,61.996606751100614,7.511287345082744,5.169626742621068,True,True
2022-10-07,52.95461229033835,6.22491193460007,3.914553474840602,False,True
2022-10-19,53.16266941597896,6.252781864438969,3.9395203299174755,True,True
2022-10-31,52.872313862225894,6.213897386845006,3.904677663467107,False,True
2022-11-12,51.66824140734857,6.052748336261922,3.7526059153355096,False,True
2022-11-24,51.5483565057404,6.0367033399702565,3.735479500820057,False,True
2022-12-18,51.69871121900965,6.056826314460609,3.7569587455728075,False,True
2022-12-30,52.050479646706805,6.1039058302479505,3.804868145012377,False,True
2023-01-11,52.1933075073613,6.123021435831362,3.822686274163334,False,True
2023-01-23,51.270997199822524,5.999582493431497,3.695856742831789,False,True
2023-02-04,52.877119469071125,6.21454055327361,3.905254336288535,False,True
2023-02-16,51.912436991241265,6.085430660603358,3.787490998748752,False,True
2023-03-24,52.50858990596509,6.165217782898976,3.8610307887158104,False,True
2023-04-05,53.2889865073508,6.269741936594086,3.954678380882096,True,True
2023-04-17,52.45755452199874,6.158387376938765,3.8549065426398483,False,True
2023-04-29,52.61299439088804,6.179190931735492,3.8735593269065647,False,True
2023-05-11,52.396094201690545,6.150161732189499,3.847531304202865,False,True
2023-06-04,52.71440936969547,6.192763975021649,3.8857291243634555,False,True
2023-06-16,52.835306645929535,6.208944464164379,3.900236797511544,False,True
2023-07-10,52.344955234758395,6.143317463029836,3.841394628171007,False,True
2023-07-22,51.999710240848,6.0971110219125615,3.798534535964645,False,True
2023-08-03,52.98897928111345,6.229511498282779,3.918677513733614,True,True
2023-08-15,50.22849391490084,5.860057322903455,3.5469277021286914,False,True
2023-08-27,49.32093487900028,5.738592641612017,3.417276411285755,False,True
2023-09-08,46.71046838603988,5.389216493012736,3.069917363919413,False,True
2023-09-20,47.07677496683357,5.438241746832078,3.117013924307173,False,True
2023-10-02,47.44994434773552,5.48818549498065,3.1649928447088524,False,True
2023-10-14,45.13562047301385,5.178444088936145,2.86738897155978,False,True
2023-11-07,45.33903347257705,5.2056682079026455,2.8935900179027634,False,True
2023-11-19,45.46478756975961,5.222498717799135,2.9097584018262355,False,True
2023-12-01,44.59150725359784,5.105621786288644,2.795534300479712,False,True
2023-12-13,44.124775333226964,5.043155939204509,2.7333033777635953,False,True
2023-12-25,44.84946661807588,5.140146209222053,2.829928882410117,False,True
2024-01-06,46.072917021796,5.303888739994485,2.987946474230914,False,True
2024-01-18,46.202736412953,5.321263335308482,3.0046375388082427,False,True
2024-01-30,44.94702052489638,5.1532024994819245,2.842936069986184,False,True
2024-02-11,45.4531439412079,5.220940373300139,2.908261363869587,False,True
2024-02-23,45.179216170081034,5.1842787919587305,2.873010521971074,False,True
2024-03-06,46.17665550377865,5.3177727532137204,3.0012842790572543,False,True
2024-03-18,46.785177111479385,5.399215260218215,3.079522771475921,False,True
2024-04-11,46.406002544462325,5.348467797943384,3.0307717557165845,False,True
2024-04-23,47.042583468379334,5.433665670457609,3.112617874505914,False,True
2024-05-05,45.375578646828345,5.210559292413494,2.8982886831636443,False,True
2024-05-17,45.47510395178901,5.223879428040247,2.911084793801444,False,True
2024-05-29,45.42735340802672,5.217488654162023,2.9049454381748636,False,True
2024-06-10,47.82096636390182,5.537841846978763,3.212695675358805,False,True
2024-07-04,49.322917222595215,5.738857951882142,3.4175596032278883,False,True
2024-07-28,46.673819477081295,5.38431152499386,3.0652053613390238,False,True
2024-09-02,47.65339140458069,5.515414172060438,3.1911503234460885,False,True
2024-09-14,48.021272921216706,5.564650210052021,3.238449375585005,False,True
2024-09-26,47.315396039626194,5.470177997158115,3.1476937765233677,False,True
2024-10-20,48.800487985201784,5.668937761231012,3.3429268550288267,False,True
2024-11-01,48.119516865673035,5.577798852652842,3.251080739872247,False,True
2024-11-13,48.82576030484481,5.672320124393636,3.346537186406402,False,True
2024-11-25,48.911254428001236,5.683762373339107,3.3587506325716054,False,True
2024-12-07,49.51076951182075,5.763999477158242,3.4443956445458213,False,True
2024-12-19,49.515143935528236,5.764584935470534,3.44502056221832,False,True
2024-12-31,49.6876398026321,5.787671208311253,3.4696628289474427,False,True
2025-01-12,50.41138493439841,5.884534848348724,3.5730549906283446,False,True
2025-01-24,57.976572622486714,6.920488261576157,4.579038314122564,True,True
2025-02-05,60.566560910032976,7.29769480669641,5.012321700103627,True,True
2025-02-17,62.40467826137636,7.572928012621938,5.2145146087514,True,True
2025-03-01,61.625810302004325,7.455543871268815,5.128839133220476,True,True
2025-03-13,61.795374186075215,7.481003550798171,5.147491160468274,True,True
2025-03-25,63.45785687674412,7.733423108501654,5.330364256441853,True,True
2025-04-06,63.601794629629346,7.75551529729552,5.346197409259228,True,True
2025-04-18,63.287181075926675,7.70727516925856,5.311589918351935,True,True
2025-04-24,63.22280331106705,7.697426388152302,5.304508364217376,True,True
2025-04-25,63.21215536432416,7.695798592297875,5.303337090075658,True,True
2025-04-30,63.14098314293043,7.684920768778927,5.295508145722348,True,True
2025-05-06,62.917418157982375,7.650811146781551,5.2709159973780615,True,True
2025-05-12,62.595546712080846,7.601863840254767,5.235510138328893,True,True
2025-05-18,62.52806017004102,7.5916250783842205,5.228086618704513,True,True
2025-05-24,62.54286794394335,7.59387118537736,5.229715473833768,True,True
2025-06-05,62.20034373114198,7.542024408122901,5.192037810425617,True,True
2025-06-11,61.59164340791975,7.450419925606716,5.125080774871172,True,True
2025-06-17,61.14269997010337,7.383294215280505,5.075696996711371,True,True
2025-06-23,61.73125811037144,7.471370193099623,5.140438392140859,True,True
2025-06-29,63.590134379619066,7.753724422117519,5.3449147817580975,True,True
2025-07-11,64.91746521993981,7.959202580019977,5.489600905303708,True,True
2025-07-17,64.77865638980612,7.937564298502227,5.475613246267158,True,True
2025-07-23,64.01032936490788,7.818424937549698,5.391136230139867,True,True
2025-07-29,62.69264062143503,7.616608957224921,5.246190468357854,True,True
2025-08-04,62.12238380192769,7.53025355600471,5.183462218212045,True,True
2025-08-10,61.90694700586321,7.497785806247702,5.159764170644953,True,True
2025-08-22,61.38486045622252,7.419456087551981,5.102334650184477,True,True
2025-08-28,61.422836433546124,7.425136376647529,5.106512007690074,True,True
2025-09-09,61.387164984425965,7.419800712679822,5.1025881482868565,True,True
2025-09-21,61.480238746573605,7.43372770234279,5.112826262123097,True,True
2025-09-27,60.141759789339055,7.2349736350752325,4.963545031661094,True,True
2025-10-03,59.665949535946666,7.165116892364221,4.888757414923555,True,True
2025-10-09,60.08421648711873,7.22650321614014,4.955808654362584,True,True
2025-10-21,60.09745060634657,7.228450787633713,4.957587908169883,True,True
2025-10-27,59.37455524450318,7.122543351183677,4.835335128158916,True,True
2025-11-02,59.44991349196628,7.133538519385436,4.849150806860485,True,True
2025-11-08,59.58659160967055,7.153507207777219,4.874208461772934,True,True
2025-11-14,59.589788555589415,7.153974636550919,4.874794568524726,True,True
2025-11-26,59.691134973420745,7.16880432225266,4.893374745127136,True,True
2025-12-08,59.39215963150807,7.125111022904513,4.838562599109814,True,True
2025-12-09,59.386562348304906,7.1242946362964314,4.837536430522567,True,True
2025-12-14,59.33898210076813,7.117356577558164,4.8288133851408235,True,True
2025-12-20,59.23978067491941,7.102905343696893,4.810626457068558,True,True
2025-12-21,59.23904578160487,7.102798331387984,4.81049172662756,True,True
2025-12-26,59.48476631208566,7.138626473169808,4.855540490549038,True,True
2026-01-01,60.18414159859154,7.241215708213736,4.969243030460595,True,True
2026-01-02,60.27259035167353,7.254255152935689,4.979984938684088,True,True
2026-01-07,60.632506754740696,7.307461504855475,5.019575743021476,True,True
2026-01-14,61.69090128540712,7.465311119632191,5.135999141394784,True,True
2026-01-19,64.14587604158895,7.839365312379095,5.406046364574785,True,True
2026-01-25,68.47061611103776,8.524962575432252,5.822271496024934,True,True
2026-01-26,69.09231807529565,8.626290282162307,5.880000964134596,True,True
2026-01-31,72.42386227820037,9.181027660216948,6.195035367058789,True,True
2026-02-06,76.38943194669797,9.86691786257568,6.616377144336659,True,True
2026-02-07,76.78587919167755,9.937003454070657,6.65849966411574,True,True
2026-02-12,78.07552988499641,10.166887644553066,6.795525050280868,True,True
2026-02-19,79.61226976939253,10.444381491193349,6.959554783526706,False,True
2026-02-24,80.25982967333661,10.561714430373826,7.0377934070307795,False,True
2026-03-03,81.23269205290721,10.737989708873753,7.179300662241049,False,True
2026-03-08,81.35707059970478,10.760526157436844,7.197392087229787,False,True
2026-03-15,80.74760748756006,10.650096067750198,7.108742907281464,False,True
2026-03-20,79.74077222591946,10.467665160896157,6.9742407785583564,False,True
2026-03-27,77.66300612020225,10.093039080230973,6.751694400271489,True,True
2026-04-01,80.86204103193137,10.670830557362892,7.125387786462745,False,True
2026-04-07,87.32383576889491,11.841658714342682,8.031019197393354,False,True
2026-04-08,88.00170000666355,11.96448256878194,8.11688200084405,False,True
2026-04-13,89.7397192849836,12.279398469280974,8.337031109431255,False,True
2026-04-20,90.18856706201603,12.360726279423442,8.393885161188697,False,True
2026-04-25,90.29963220221354,12.380850439768292,8.407953412280381,False,True
2026-05-01,90.62357332893392,12.439546112999501,8.448985954998296,False,True
2026-05-02,90.69624019090341,12.452712796798131,8.4581904241811,False,True
2026-05-07,91.07445652726189,12.521242726030506,8.506097826786505,False,True
2026-05-13,91.17461442010816,12.539390575948637,8.5187844932137,False,True
2026-05-14,91.13552203238699,12.532307332031014,8.513832790769017,False,True
2026-05-19,90.68270924463695,12.450261092043611,8.456476504320682,False,True
2026-05-25,89.72095425160425,12.275998387671834,8.334654205203206,False,True
2026-06-06,89.98387336383921,12.323637335076324,8.367957292752966,False,True
2026-06-07,90.01117817748256,12.328584760046642,8.371415902481123,False,True
2026-06-12,89.90293263292337,12.308971489028833,8.357704800170293,False,True
2026-06-19,88.61129666874736,12.074936856703813,8.194097578041331,False,True
2026-06-24,87.72054047793367,11.91353859636557,8.081268460538265,False,True
2026-06-25,87.4800596938803,11.869965303705618,8.050807561224838,False,True
2026-07-01,85.33008557794075,11.48040631364357,7.774401419243654,False,True
2026-07-07,84.23749255977759,11.282436752266559,7.616362554149468,False,True
2026-07-13,84.58640238689294,11.34565656448015,7.667113074457156,False,True
2026-07-19,85.18049230991446,11.453301148990489,7.753296012436844,False,True
2026-07-25,85.31921049542423,11.47843583124075,7.772867105276207,False,True
2026-07-31,85.3711007327811,11.487837948368096,7.780188053492448,False,True
