date,area_ha,vol_frs,in_domain,in_window
2014-10-25,42.603,4.5672785586268905,True,False
2014-11-30,44.576,4.978037976129454,True,False
2014-12-12,40.604,4.167989904960129,True,False
2014-12-24,42.571,4.560758694622952,True,False
2015-02-10,52.176,6.713135577890781,True,False
2015-02-22,73.395,12.812617532315176,False,False
2015-03-06,83.177,16.00469749603407,False,False
2015-03-18,83.501,16.110425763080165,False,False
2015-04-11,75.337,13.446334490968018,False,False
2015-05-05,75.017,13.341911511169403,False,False
2015-05-29,73.894,12.975452116438644,False,False
2015-06-10,72.768,12.608013756272268,False,False
2015-07-04,72.32,12.461821584554206,True,False
2015-07-16,69.752,11.637603351058601,True,False
2015-07-28,66.718,10.697926213584722,True,False
2015-08-09,64.997,10.181394676002906,True,False
2015-08-21,61.064,9.046003304319214,True,False
2015-09-02,57.55,8.084895102808673,True,False
2015-09-14,54.486,7.288188275171352,True,False
2015-09-26,50.122,6.220400221432366,True,False
2015-10-08,47.576,5.634041144537271,True,False
2015-11-01,48.217,5.779128347034216,True,False
2015-11-25,55.263,7.486569497040103,True,False
2015-12-07,72.997,12.682741451190651,False,False
2015-12-19,76.116,13.70053918241527,False,False
2016-01-12,76.058,13.681612517326773,False,False
2016-02-17,76.112,13.699233895167785,False,False
2016-02-29,76.476,13.81801503468871,False,False
2016-03-12,78.742,14.55746026038765,False,False
2016-03-24,81.866,15.576889600671619,False,False
2016-04-05,84.416,16.409010220941823,False,False
2016-04-17,88.041,17.591926788973,False,False
2016-04-29,87.269,17.340006350208846,False,False
2016-05-11,89.326,18.01125031722681,False,False
2016-05-23,84.776,16.526486073215267,False,False
2016-06-04,85.501,16.763069386821503,False,False
2016-06-28,76.568,13.848036641380812,False,False
2016-07-22,70.575,11.89887608678388,True,False
2016-08-03,68.093,11.119190745983838,True,False
2016-08-15,64.539,10.045957017896958,True,False
2016-08-27,60.653,8.930990780950749,True,False
2016-09-08,55.31,7.498642365159284,True,False
2016-09-20,50.759,6.371340694956625,True,False
2016-09-26,48.632,5.873970185256531,True,False
2016-10-02,48.144,5.762506358635846,True,False
2016-10-08,47.661,5.653197912158452,True,False
2016-10-14,45.823,5.246114167946451,True,False
2016-10-20,43.961,4.848230732397827,True,False
2016-10-26,41.799,4.4046426809430015,True,False
2016-11-01,39.109,3.8805008686655325,True,False
2016-11-07,35.789,3.276374827750505,True,False
2016-11-13,34.759,3.0986383833125726,True,False
2017-01-18,45.707,5.2209076125296345,True,False
2017-01-24,51.834,6.6298625508888795,True,False
2017-01-30,57.931,8.186657615510315,True,False
2017-02-05,64.774,10.115345279448889,True,False
2017-02-11,71.504,12.197054320450961,True,False
2017-02-17,75.596,13.530851840242523,False,False
2017-02-23,76.103,13.696296998860948,False,False
2017-03-01,74.625,13.2139933609161,False,False
2017-03-13,80.374,15.090017457360577,False,False
2017-03-19,80.669,15.186282391862427,False,False
2017-03-25,81.474,15.448971450418318,False,False
2017-03-31,82.444,15.765503607932867,False,False
2017-04-06,83.382,16.071593467467554,False,False
2017-04-12,84.644,16.48341159404834,False,False
2017-04-24,85.243,16.67887835935887,False,False
2017-04-30,84.83,16.544107451056284,False,False
2017-05-06,84.679,16.494832857463813,False,False
2017-05-18,83.484,16.10487829227836,False,False
2017-05-24,82.216,15.691102234826351,False,False
2017-05-30,79.93,14.945130572890005,False,False
2017-06-05,77.978,14.308150396118455,False,False
2017-06-11,77.147,14.036976970453932,False,False
2017-06-17,76.982,13.98313387149527,False,False
2017-06-23,77.28,14.08037777143273,False,False
2017-06-29,76.949,13.972365251703536,False,False
2017-07-05,76.579,13.851626181311387,False,False
2017-07-11,75.87,13.620264016695087,False,False
2017-07-17,75.218,13.40750219535541,False,False
2017-07-29,75.901,13.630379992863075,False,False
2017-08-04,75.396,13.465587477868388,False,False
2017-08-10,74.83,13.280889332349588,False,False
2017-08-16,74.186,13.07073808550488,False,False
2017-08-22,73.209,12.751921675307235,False,False
2017-08-28,72.099,12.38984643702386,True,False
2017-09-03,71.707,12.262672595800842,True,False
2017-09-15,69.517,11.563495366226014,True,False
2017-09-21,67.288,10.871631840970231,True,False
2017-09-27,65.263,10.260440242391951,True,False
2017-10-03,63.789,9.825992572575615,True,False
2017-10-09,63.021,9.603109431529461,True,False
2017-10-15,61.245,9.096880534967775,True,False
2017-10-21,58.316,8.290093509474573,True,False
2017-10-27,55.922,7.656759291256399,True,False
2017-11-02,55.303,7.496844278418128,True,False
2017-11-08,53.54,7.0500189027252205,True,False
2017-11-14,51.496,6.5480699248161605,True,False
2017-11-20,49.728,6.127889085891622,True,False
2017-11-26,48.028,5.736175645565395,True,False
2017-12-08,50.268,6.254837582448087,True,False
2017-12-14,50.189,6.236203667925882,True,False
2017-12-20,49.963,6.182996255346456,True,False
2017-12-26,49.45,6.0630115691105875,True,False
2018-01-19,61.991,9.307966550443538,True,False
2018-01-25,62.29,9.393195421195335,True,False
2018-01-31,61.657,9.213167292812116,True,False
2018-02-06,61.659,9.213732717295363,True,False
2018-02-12,67.138,10.825797852157132,True,False
2018-02-18,72.551,12.537201923096333,False,False
2018-02-24,75.239,13.414354953404693,False,False
2018-03-02,77.183,14.048724555681275,False,False
2018-03-08,79.02,14.648177724087692,False,False
2018-03-14,79.645,14.85212885650686,False,False
2018-04-01,81.813,15.559594544642474,False,False
2018-04-07,81.72,15.5292466161385,False,False
2018-04-13,81.623,15.497593400387048,False,False
2018-05-01,82.101,15.653575226461225,False,False
2018-05-13,82.433,15.761914068002291,False,False
2018-05-31,81.261,15.379464904489861,False,False
2018-06-12,81.308,15.394802029647789,False,False
2018-06-18,80.991,15.291358015284782,False,False
2018-06-24,80.89,15.258399512285845,False,False
2018-07-12,80.587,15.159524003289034,False,False
2018-07-18,79.454,14.789801390439562,False,False
2018-07-24,77.397,14.1185574234216,False,False
2018-07-30,75.528,13.508661957035319,False,False
2018-08-05,74.974,13.327879673258966,False,False
2018-08-05,74.974,13.327879673258966,False,False
2018-08-11,75.737,13.576863215716283,False,False
2018-08-11,75.737,13.576863215716283,False,False
2018-08-17,76.386,13.788646071620349,False,False
2018-08-17,76.386,13.788646071620349,False,False
2018-08-29,75.639,13.544883678152958,False,False
2018-08-29,75.639,13.544883678152958,False,False
2018-09-04,74.985,13.331469213189543,False,False
2018-09-04,74.985,13.331469213189543,False,False
2018-09-10,74.127,13.051485098604507,False,False
2018-09-10,74.127,13.051485098604507,False,False
2018-09-16,72.629,12.562655024422247,False,False
2018-09-16,72.629,12.562655024422247,False,False
2018-09-22,70.729,11.948065598116044,True,False
2018-09-22,70.729,11.948065598116044,True,False
2018-09-28,68.925,11.377797295868914,True,False
2018-09-28,68.925,11.377797295868914,True,False
2018-10-04,65.906,10.45272670330808,True,False
2018-10-04,65.906,10.45272670330808,True,False
2018-10-10,64.577,10.057160406312233,True,False
2018-10-10,64.577,10.057160406312233,True,False
2018-10-16,63.704,9.801206940419116,True,False
2018-10-16,63.704,9.801206940419116,True,False
2018-10-22,63.075,9.618700262694865,True,False
2018-10-22,63.075,9.618700262694865,True,False
2018-11-09,68.242,11.165285763597133,True,False
2018-11-09,68.242,11.165285763597133,True,False
2018-11-15,68.122,11.128162259479042,True,False
2018-11-15,68.122,11.128162259479042,True,False
2018-11-21,67.345,10.889081376128956,True,False
2018-11-21,67.345,10.889081376128956,True,False
2018-11-27,67.678,10.991238279635201,True,False
2018-11-27,67.678,10.991238279635201,True,False
2018-12-03,71.346,12.146103719480381,True,False
2018-12-03,71.346,12.146103719480381,True,False
2018-12-15,74.284,13.102717623068205,False,False
2018-12-15,74.284,13.102717623068205,False,False
2018-12-21,77.535,14.16358983345975,False,False
2018-12-21,77.535,14.16358983345975,False,False
2018-12-27,79.899,14.935014596722013,False,False
2019-01-02,80.86,15.248609857929726,False,False
2019-01-02,80.86,15.248609857929726,False,False
2019-01-08,81.172,15.350422263233373,False,False
2019-01-20,83.109,15.98250761282686,False,False
2019-01-26,83.016,15.95215968432289,False,False
2019-02-01,83.095,15.97793910746067,False,False
2019-02-19,85.269,16.68736272646751,False,False
2019-02-25,83.41,16.080730478199932,False,False
2019-03-03,80.717,15.20194583883222,False,False
2019-03-09,80.221,15.040090220144368,False,False
2019-03-15,81.09,15.32366387465998,False,False
2019-03-27,80.078,14.993426201046862,False,False
2019-04-02,78.899,14.608692784851343,False,False
2019-04-08,77.903,14.283676260228157,False,False
2019-04-26,78.486,14.473921876548758,False,False
2019-05-02,78.676,14.535923020804184,False,False
2019-05-08,78.605,14.512754172161367,False,False
2019-05-14,78.445,14.460542682262057,False,False
2019-06-01,78.695,14.542123135229723,False,False
2019-06-07,78.222,14.387772918214898,False,False
2019-06-13,77.281,14.080704093244602,False,False
2019-06-19,76.785,13.918848474556746,False,False
2019-07-07,76.987,13.984765480554621,False,False
2019-07-19,76.459,13.81246756388691,False,False
2019-07-25,75.749,13.580779077458732,False,False
2019-07-31,75.059,13.355617027267972,False,False
2019-08-06,74.068,13.032232111704138,False,False
2019-08-12,73.103,12.71733156324894,False,False
2019-08-18,71.798,12.29214741007143,True,False
2019-08-24,70.014,11.720477426690676,True,False
2019-09-05,65.786,10.416715442359708,True,False
2019-09-11,64.805,10.124509920911095,True,False
2019-09-17,63.902,9.858986795108484,True,False
2019-09-23,62.686,9.506641469509974,True,False
2019-09-29,61.128,9.06399217749741,True,False
2019-10-05,59.526,8.619144140367256,True,False
2019-10-11,58.458,8.328403815557863,True,False
2019-10-17,56.882,7.907907743261191,True,False
2019-10-23,54.445,7.277789068130036,True,False
2019-10-29,52.097,6.693863671569381,True,False
2019-11-04,50.445,6.296719966955367,True,False
2019-11-22,59.202,8.530455219453367,True,False
2019-11-28,61.884,9.27754351748226,True,False
2019-12-04,64.403,10.005895066185872,True,False
2019-12-10,66.695,10.690940896421905,True,False
2019-12-16,70.34,11.823994670797862,True,False
2019-12-28,73.46,12.83382845008677,False,False
2020-01-03,76.934,13.967470424525477,False,False
2020-01-09,79.467,14.794043573993882,False,False
2020-01-15,79.619,14.843644489398224,False,False
2020-01-27,78.246,14.395604641699794,False,False
2020-02-02,78.749,14.55974451307074,False,False
2020-02-08,78.909,14.61195600297005,False,False
2020-02-20,76.71,13.894374338666445,False,False
2020-02-26,76.799,13.923416979922939,False,False
2020-03-09,77.616,14.190021900221273,False,False
2020-03-15,77.585,14.17990592405328,False,False
2020-03-21,77.805,14.251696722664832,False,False
2020-03-27,78.642,14.52482807920058,False,False
2020-04-02,79.906,14.937298849405108,False,False
2020-04-08,80.289,15.062280103351574,False,False
2020-04-20,80.366,15.087406882865615,False,False
2020-05-08,83.311,16.04842461882474,False,False
2020-05-14,82.83,15.891463827314944,False,False
2020-05-26,80.286,15.061301137915962,False,False
2020-06-01,80.634,15.174861128446954,False,False
2020-06-07,80.814,15.233599054583673,False,False
2020-06-13,80.502,15.131786649280023,False,False
2020-06-19,79.683,14.86452908535795,False,False
2020-06-25,79.644,14.851802534694993,False,False
2020-07-01,79.953,14.95263597456303,False,False
2020-07-07,79.492,14.802201619290651,False,False
2020-07-13,77.797,14.249086148169864,False,False
2020-07-19,76.683,13.885563649745942,False,False
2020-07-25,76.345,13.775266877333653,False,False
2020-08-06,76.676,13.883279397062845,False,False
2020-08-12,76.506,13.82780468904483,False,False
2020-08-18,75.686,13.560220803310884,False,False
2020-08-24,74.55,13.1895192250258,False,False
2020-08-30,73.947,12.992747172467789,False,False
2020-09-05,72.882,12.645214442825527,False,False
2020-09-11,70.622,11.913871603635274,True,False
2020-09-17,68.905,11.371545438411353,True,False
2020-09-23,68.08,11.115169033037711,True,False
2020-09-29,66.512,10.635468212936724,True,False
2020-10-05,64.592,10.06158279647616,True,False
2020-10-11,63.238,9.665835448420694,True,False
2020-10-17,61.4,9.140560492311666,True,False
2020-10-23,59.227,8.537280750111277,True,False
2020-10-29,57.311,8.021349544391587,True,False
2020-11-04,56.225,7.735630621267131,True,False
2020-11-10,54.529,7.2990947606049295,True,False
2020-11-16,51.469,6.54154873827093,True,False
2020-11-22,48.301,5.798263252220442,True,False
2020-12-04,44.412,4.943269577155016,True,False
2020-12-10,45.167,5.104278103737976,True,False
2020-12-16,46.312,5.3530414144444585,True,False
2020-12-22,45.929,5.2692162995572644,True,False
2020-12-28,44.897,5.046407522203182,True,False
2021-01-03,44.469,4.955333330754927,True,False
2021-01-09,43.516,4.7553085866046185,True,False
2021-01-15,43.862,4.827492848622348,True,False
2021-01-21,47.035,5.512954353417434,True,False
2021-01-27,50.555,6.322819965617956,True,False
2021-02-02,54.189,7.213003720065769,True,False
2021-02-08,58.77,8.412863070457334,True,False
2021-02-14,63.83,9.83794799514522,True,False
2021-02-20,69.063,11.420945195146805,True,False
2021-03-04,75.113,13.373238405108989,False,False
2021-03-16,71.48,12.189300125092506,True,False
2021-03-22,74.157,13.061274752960626,False,False
2021-03-28,77.637,14.196874658270557,False,False
2021-04-03,78.586,14.506554057735823,False,False
2021-04-09,78.149,14.36395142594834,False,False
2021-04-15,78.072,14.3388246464343,False,False
2021-04-21,78.716,14.548975893279009,False,False
2021-04-27,79.537,14.816886100824831,False,False
2021-05-09,81.846,15.570363164434207,False,False
2021-05-15,81.703,15.5236991453367,False,False
2021-05-21,81.542,15.471161333625522,False,False
2021-06-02,81.869,15.577868566107231,False,False
2021-06-14,80.226,15.04172182920372,False,False
2021-06-20,80.48,15.124607569418872,False,False
2021-06-26,80.451,15.11514423687462,False,False
2021-07-08,78.852,14.593355659693422,False,False
2021-07-14,78.035,14.326750739395083,False,False
2021-08-01,78.584,14.505901414112083,False,False
2021-08-07,79.166,14.695820708620811,False,False
2021-08-13,79.444,14.786538172320858,False,False
2021-08-31,78.651,14.527764975507415,False,False
2021-09-06,78.231,14.390709814521733,False,False
2021-09-12,77.506,14.1541265009155,False,False
2021-09-18,76.423,13.800719978659565,False,False
2021-09-24,75.005,13.337995649426954,False,False
2021-09-30,72.602,12.553844335501738,False,False
2021-10-06,70.332,11.82144870307479,True,False
2021-10-12,69.821,11.659395152648584,True,False
2021-10-18,69.663,11.60949508523964,True,False
2021-11-05,69.185,11.459180050964235,True,False
2021-11-17,70.263,11.799489731463325,True,False
2021-11-23,71.083,12.061490375625393,True,False
2021-12-05,75.598,13.531504483866263,False,False
2021-12-17,79.207,14.709199902907507,False,False
2021-12-23,80.58,15.157239750605937,False,False
2022-01-04,81.28,15.385665018915407,False,True
2022-01-28,80.49,15.127870787537576,False,True
2022-02-09,79.743,14.884108394070186,False,True
2022-03-05,77.959,14.301950281692914,False,True
2022-03-17,81.79,15.55208914296945,False,True
2022-03-29,83.253,16.029497953736236,False,True
2022-04-22,82.52,15.790304065635034,False,True
2022-05-04,82.106,15.655206835520577,False,True
2022-05-28,82.583,15.810862339782888,False,True
2022-06-21,83.023,15.954443937005982,False,True
2022-07-03,80.355,15.083817342935038,False,True
2022-07-15,80.97,15.284505257235498,False,True
2022-08-08,80.276,15.058037919797254,False,True
2022-08-20,77.675,14.209274887121643,False,True
2022-09-13,80.37,15.088712170113098,False,True
2022-09-25,78.602,14.511775206725755,False,True
2022-10-07,79.359,14.75880081831185,False,True
2022-10-19,75.608,13.53476770198497,False,True
2022-10-31,73.155,12.734300297466218,False,True
2022-11-12,68.022,11.097245700308818,True,True
2022-12-06,70.35,11.827177130451696,True,True
2022-12-18,71.372,12.154483100584498,True,True
2022-12-30,71.633,12.238733120502648,True,True
2023-02-04,75.219,13.407828517167276,False,True
2023-02-16,76.491,13.822909861866771,False,True
2023-02-28,59.413,8.588166243594017,True,True
2023-03-24,79.955,14.953288618186768,False,True
2023-04-05,73.911,12.980999587240444,False,True
2023-04-17,70.8,11.970775738678066,True,True
2023-04-29,84.382,16.397915279338225,False,True
2023-05-11,88.246,17.658822760406487,False,True
2023-05-23,88.314,17.68101264361369,False,True
2023-06-04,88.194,17.641854026189215,False,True
2023-06-28,85.401,16.730437205634434,False,True
2023-07-10,85.355,16.715426402288386,False,True
2023-07-22,82.558,15.802704294486125,False,True
2023-08-03,81.145,15.341611574312864,False,True
2023-08-15,82.074,15.644764537540716,False,True
2023-08-27,81.848,15.571015808057947,False,True
2023-09-20,82.051,15.637259135867694,False,True
2023-10-02,82.608,15.819020385079657,False,True
2023-10-14,80.216,15.038458611085012,False,True
2023-11-07,79.579,14.830591616923396,False,True
2023-11-19,77.789,14.2464755736749,False,True
2023-12-01,71.642,12.241640943762068,True,True
2023-12-13,70.238,11.79154945954135,True,True
2023-12-25,67.583,10.962052515554378,True,True
2024-01-06,59.991,8.747192675575704,True,True
2024-01-18,59.378,8.57858223521181,True,True
2024-01-30,58.854,8.435661179254698,True,True
2024-02-23,52.813,6.869491443391936,True,True
2024-03-06,58.152,8.245965724938047,True,True
2024-03-18,63.347,9.697433382687237,True,True
2024-03-30,61.694,9.223654614592833,True,True
2024-04-11,62.933,9.57773328214248,True,True
2024-05-05,61.394,9.138869064369612,True,True
2024-05-17,58.344,8.297647654336068,True,True
2024-05-29,52.45,6.780186208375323,True,True
2024-06-10,49.206,6.006332530909241,True,True
2024-06-22,45.388,5.1518616472283005,True,True
2024-07-04,42.661,4.579132397924461,True,True
2024-07-16,38.808,3.8237582982096785,True,True
2024-07-28,34.515,3.057191717238395,True,True
2024-12-31,53.996,7.1643514306193365,True,True
2025-01-12,68.575,11.268671006537739,True,True
2025-01-24,75.395,13.465261156056515,False,True
2025-02-05,83.113,15.983812900074344,False,True
2025-02-17,85.356,16.715752724100255,False,True
2025-03-01,85.852,16.877608342788108,False,True
2025-03-13,86.899,17.219267279816698,False,True
2025-04-06,86.577,17.11419165639434,False,True
2025-04-18,86.424,17.06426441917813,False,True
2025-04-24,86.342,17.037506030604735,False,True
2025-04-30,86.21,16.994431551437806,False,True
2025-05-12,87.619,17.454218984363578,False,True
2025-05-24,88.074,17.602695408764735,False,True
2025-05-30,88.199,17.643485635248567,False,True
2025-06-11,87.734,17.491745992728706,False,True
2025-06-17,87.371,17.373291175019652,False,True
2025-06-23,87.271,17.340658993832587,False,True
2025-06-29,87.521,17.422239446800255,False,True
2025-07-05,87.429,17.392217840108152,False,True
2025-07-11,86.457,17.07503303896986,False,True
2025-07-17,85.578,16.788196166335545,False,True
2025-07-23,84.206,16.340482640448986,False,True
2025-07-29,82.776,15.873842449473926,False,True
2025-08-04,82.495,15.78214602033827,False,True
2025-08-22,84.297,16.370177925329216,False,True
2025-08-28,84.848,16.549981243669954,False,True
2025-09-09,84.436,16.415536657179242,False,True
2025-09-15,84.541,16.44980044742566,False,True
2025-09-21,83.267,16.034066459102426,False,True
2025-09-27,81.863,15.575910635236006,False,True
2025-09-27,81.863,15.575910635236006,False,True
2025-10-03,81.563,15.478014091674806,False,True
2025-10-09,82.687,15.844799808217438,False,True
2025-10-21,82.386,15.746576942844365,False,True
