quota_m,area_m2,vol_m3
148.42,0.0,0.0
148.43,0.0,0.0
148.44,0.0,0.0
148.45,0.0,0.0
148.46,0.0,0.0
148.47,0.0,0.0
148.48,0.0,0.0
148.49,0.0,0.0
148.5,0.0,0.0
148.51,0.0,0.0
148.52,0.0,0.0
148.53,0.0,0.0
148.54,0.0,0.0
148.55,0.0,0.0
148.56,0.0,0.0
148.57,0.0,0.0
148.58,0.0,0.0
148.59,0.0,0.0
148.6,0.0,0.0
148.61,0.0,0.0
148.62,0.0,0.0
148.63,0.0,0.0
148.64,0.0,0.0
148.65,0.0,0.0
148.66,0.0,0.0
148.67,0.0,0.0
148.68,0.0,0.0
148.69,0.0,0.0
148.7,0.0,0.0
148.71,0.0,0.0
148.72,0.0,0.0
148.73,0.0,0.0
148.74,0.0,0.0
148.75,0.0,0.0
148.76,0.0,0.0
148.77,0.0,0.0
148.78,0.0,0.0
148.79,0.0,0.0
148.8,0.0,0.0
148.81,0.0,0.0
148.82,0.0,0.0
148.83,0.0,0.0
148.84,0.0,0.0
148.85,0.0,0.0
148.86,0.0,0.0
148.87,0.0,0.0
148.88,0.0,0.0
148.89,0.0,0.0
148.9,0.0,0.0
148.91,0.0,0.0
148.92,0.0,0.0
148.93,0.0,0.0
148.94,0.0,0.0
148.95,0.0,0.0
148.96,0.0,0.0
148.97,0.0,0.0
148.98,0.0,0.0
148.99,0.0,0.0
149.0,0.0,0.0
149.01,0.0,0.0
149.02,0.0,0.0
149.03,0.0,0.0
149.04,0.0,0.0
149.05,0.0,0.0
149.06,0.0,0.0
149.07,0.0,0.0
149.08,0.0,0.0
149.09,0.0,0.0
149.1,0.0,0.0
149.11,0.0,0.0
149.12,0.0,0.0
149.13,0.0,0.0
149.14,0.0,0.0
149.15,0.0,0.0
149.16,0.0,0.0
149.17,0.0,0.0
149.18,0.0,0.0
149.19,0.0,0.0
149.2,0.0,0.0
149.21,0.0,0.0
149.22,0.0,0.0
149.23,0.0,0.0
149.24,0.0,0.0
149.25,0.0,0.0
149.26,0.0,0.0
149.27,0.0,0.0
149.28,0.0,0.0
149.29,0.0,0.0
149.3,0.0,0.0
149.31,0.0,0.0
149.32,0.0,0.0
149.33,0.0,0.0
149.34,0.0,0.0
149.35,0.0,0.0
149.36,0.0,0.0
149.37,0.0,0.0
149.38,0.0,0.0
149.39,0.0,0.0
149.4,0.0,0.0
149.41,0.0,0.0
149.42,0.0,0.0
149.43,0.0,0.0
149.44,0.0,0.0
149.45,0.0,0.0
149.46,0.0,0.0
149.47,0.0,0.0
149.48,0.0,0.0
149.49,0.0,0.0
149.5,0.0,0.0
149.51,0.0448,0.0026
149.52,0.0896,0.0052
149.53,0.1344,0.0078
149.54,0.1792,0.0104
149.55,0.224,0.013
149.56,0.2688,0.0156
149.57,0.3136,0.0182
149.58,0.3584,0.0208
149.59,0.4032,0.0234
149.6,0.448,0.026
149.61,0.4928,0.0286
149.62,0.5376,0.0312
149.63,0.5824,0.0338
149.64,0.6272,0.0364
149.65,0.672,0.039
149.66,0.7168,0.0416
149.67,0.7616,0.0442
149.68,0.8064,0.0468
149.69,0.8512,0.0494
149.7,0.896,0.052
149.71,0.9408,0.0546
149.72,0.9856,0.0572
149.73,1.0304,0.0598
149.74,1.0752,0.0624
149.75,1.12,0.065
149.76,1.1648,0.0676
149.77,1.2096,0.0702
149.78,1.2544,0.0728
149.79,1.2992,0.0754
149.8,1.344,0.078
149.81,1.3888,0.0806
149.82,1.4336,0.0832
149.83,1.4784,0.0858
149.84,1.5232,0.0884
149.85,1.568,0.091
149.86,1.6128,0.0936
149.87,1.6576,0.0962
149.88,1.7024,0.0988
149.89,1.7472,0.1014
149.9,1.792,0.104
149.91,1.8368,0.1066
149.92,1.8816,0.1092
149.93,1.9264,0.1118
149.94,1.9712,0.1144
149.95,2.016,0.117
149.96,2.0608,0.1196
149.97,2.1056,0.1222
149.98,2.1504,0.1248
149.99,2.1952,0.1274
150.0,2.24,0.13
150.01,2.44,0.191
150.02,2.64,0.252
150.03,2.84,0.313
150.04,3.04,0.374
150.05,3.24,0.435
150.06,3.44,0.496
150.07,3.64,0.557
150.08,3.84,0.618
150.09,4.04,0.679
150.1,4.24,0.74
150.11,4.44,0.801
150.12,4.64,0.862
150.13,4.84,0.923
150.14,5.04,0.984
150.15,5.24,1.045
150.16,5.44,1.106
150.17,5.64,1.167
150.18,5.84,1.228
150.19,6.04,1.289
150.2,6.24,1.35
150.21,6.44,1.411
150.22,6.64,1.472
150.23,6.84,1.533
150.24,7.04,1.594
150.25,7.24000000000001,1.655
150.26,7.44000000000001,1.716
150.27,7.64000000000001,1.777
150.28,7.84000000000001,1.838
150.29,8.04,1.899
150.3,8.24,1.96
150.31,8.44,2.021
150.32,8.64,2.082
150.33,8.84,2.143
150.34,9.04,2.204
150.35,9.24,2.265
150.36,9.44,2.326
150.37,9.64,2.387
150.38,9.84,2.448
150.39,10.04,2.509
150.4,10.24,2.57
150.41,10.44,2.631
150.42,10.64,2.692
150.43,10.84,2.753
150.44,11.04,2.814
150.45,11.24,2.875
150.46,11.44,2.936
150.47,11.64,2.997
150.48,11.84,3.058
150.49,12.04,3.119
150.5,12.24,3.18
150.51,12.4602,3.354
150.52,12.6804,3.528
150.53,12.9006,3.702
150.54,13.1208,3.876
150.55,13.341,4.05
150.56,13.5612,4.224
150.57,13.7814,4.398
150.58,14.0016,4.572
150.59,14.2218,4.746
150.6,14.442,4.92
150.61,14.6622,5.094
150.62,14.8824,5.268
150.63,15.1026,5.442
150.64,15.3228,5.616
150.65,15.543,5.79
150.66,15.7632,5.964
150.67,15.9834,6.138
150.68,16.2036,6.31200000000001
150.69,16.4238,6.48600000000001
150.7,16.644,6.66000000000001
150.71,16.8642,6.83400000000001
150.72,17.0844,7.00800000000001
150.73,17.3046,7.18200000000001
150.74,17.5248,7.35600000000001
150.75,17.745,7.53000000000001
150.76,17.9652,7.70400000000001
150.77,18.1854,7.87800000000001
150.78,18.4056,8.05200000000001
150.79,18.6258,8.22600000000001
150.8,18.846,8.40000000000001
150.81,19.0662,8.57400000000001
150.82,19.2864,8.74800000000001
150.83,19.5066,8.92200000000001
150.84,19.7268,9.09600000000001
150.85,19.947,9.27000000000001
150.86,20.1672,9.444
150.87,20.3874,9.618
150.88,20.6076,9.792
150.89,20.8278,9.966
150.9,21.048,10.14
150.91,21.2682,10.314
150.92,21.4884,10.488
150.93,21.7086,10.662
150.94,21.9288,10.836
150.95,22.149,11.01
150.96,22.3692,11.184
150.97,22.5894,11.358
150.98,22.8096,11.532
150.99,23.0298,11.706
151.0,23.25,11.88
151.01,23.5418,12.187
151.02,23.8336,12.494
151.03,24.1254,12.801
151.04,24.4172,13.108
151.05,24.709,13.415
151.06,25.0008,13.722
151.07,25.2926,14.029
151.08,25.5844,14.336
151.09,25.8762,14.643
151.1,26.168,14.95
151.11,26.4598,15.257
151.12,26.7516,15.564
151.13,27.0434,15.871
151.14,27.3352,16.178
151.15,27.627,16.485
151.16,27.9188,16.792
151.17,28.2106,17.099
151.18,28.5024,17.406
151.19,28.7942,17.713
151.2,29.086,18.02
151.21,29.3778,18.327
151.22,29.6696,18.634
151.23,29.9614,18.941
151.24,30.2532,19.248
151.25,30.545,19.555
151.26,30.8368,19.862
151.27,31.1286,20.169
151.28,31.4204,20.476
151.29,31.7122,20.783
151.3,32.004,21.09
151.31,32.2958,21.397
151.32,32.5876,21.704
151.33,32.8794,22.011
151.34,33.1712,22.318
151.35,33.463,22.625
151.36,33.7548,22.932
151.37,34.0466,23.239
151.38,34.3384,23.546
151.39,34.6302,23.853
151.4,34.922,24.16
151.41,35.2138,24.467
151.42,35.5056,24.774
151.43,35.7974,25.081
151.44,36.0892,25.388
151.45,36.381,25.695
151.46,36.6728,26.002
151.47,36.9646,26.309
151.48,37.2564,26.616
151.49,37.5482,26.923
151.5,37.84,27.23
151.51,38.1634,27.6902
151.52,38.4868,28.1504
151.53,38.8102,28.6106
151.54,39.1336,29.0708
151.55,39.457,29.531
151.56,39.7804,29.9912
151.57,40.1038,30.4514
151.58,40.4272,30.9116
151.59,40.7506,31.3718
151.6,41.074,31.832
151.61,41.3974,32.2922
151.62,41.7208,32.7524
151.63,42.0442,33.2126
151.64,42.3676,33.6728
151.65,42.691,34.133
151.66,43.0144,34.5932
151.67,43.3378,35.0534
151.68,43.6612,35.5136
151.69,43.9846,35.9738
151.7,44.308,36.434
151.71,44.6314,36.8942
151.72,44.9548,37.3544
151.73,45.2782,37.8146
151.74,45.6016,38.2748
151.75,45.925,38.735
151.76,46.2484,39.1952
151.77,46.5718,39.6554
151.78,46.8952,40.1156
151.79,47.2186,40.5758
151.8,47.542,41.036
151.81,47.8654,41.4962
151.82,48.1888,41.9564
151.83,48.5122,42.4166
151.84,48.8356,42.8768
151.85,49.159,43.337
151.86,49.4824,43.7972
151.87,49.8058,44.2574
151.88,50.1292,44.7176
151.89,50.4526,45.1778
151.9,50.776,45.638
151.91,51.0994,46.0982
151.92,51.4228,46.5584
151.93,51.7462,47.0186
151.94,52.0696,47.4788
151.95,52.393,47.939
151.96,52.7164,48.3992
151.97,53.0398,48.8594
151.98,53.3632,49.3196
151.99,53.6866,49.7798
152.0,54.01,50.24
152.01,54.3862,50.876
152.02,54.7624,51.512
152.03,55.1386,52.148
152.04,55.5148,52.784
152.05,55.891,53.42
152.06,56.2672,54.056
152.07,56.6434,54.692
152.08,57.0196,55.328
152.09,57.3958,55.964
152.1,57.772,56.6
152.11,58.1482,57.236
152.12,58.5244,57.872
152.13,58.9006,58.508
152.14,59.2768,59.144
152.15,59.653,59.78
152.16,60.0292,60.4160000000001
152.17,60.4054,61.0520000000001
152.18,60.7816,61.6880000000001
152.19,61.1577999999999,62.3240000000001
152.2,61.5339999999999,62.9600000000001
152.21,61.9101999999999,63.5960000000001
152.22,62.2863999999999,64.2320000000001
152.23,62.6625999999999,64.8680000000001
152.24,63.0387999999999,65.5040000000001
152.25,63.4149999999999,66.14
152.26,63.7911999999999,66.776
152.27,64.1673999999999,67.412
152.28,64.5435999999999,68.048
152.29,64.9197999999999,68.684
152.3,65.2959999999999,69.32
152.31,65.6721999999999,69.956
152.32,66.0483999999999,70.592
152.33,66.4245999999999,71.228
152.34,66.8007999999999,71.864
152.35,67.1769999999999,72.5
152.36,67.5531999999999,73.136
152.37,67.9293999999999,73.772
152.38,68.3055999999999,74.408
152.39,68.6817999999999,75.044
152.4,69.0579999999999,75.68
152.41,69.4341999999999,76.316
152.42,69.8103999999999,76.952
152.43,70.1865999999999,77.588
152.44,70.5627999999999,78.224
152.45,70.9389999999999,78.86
152.46,71.3151999999999,79.496
152.47,71.6913999999999,80.132
152.48,72.0675999999999,80.7679999999999
152.49,72.4437999999999,81.4039999999999
152.5,72.82,82.04
152.51,73.2676,82.8784
152.52,73.7152,83.7168
152.53,74.1628,84.5552
152.54,74.6104,85.3936
152.55,75.058,86.232
152.56,75.5056,87.0704
152.57,75.9532,87.9088
152.58,76.4008,88.7472
152.59,76.8483999999999,89.5855999999999
152.6,77.2959999999999,90.4239999999999
152.61,77.7435999999999,91.2623999999999
152.62,78.1911999999999,92.1007999999999
152.63,78.6387999999999,92.9391999999999
152.64,79.0863999999999,93.7775999999999
152.65,79.5339999999999,94.6159999999999
152.66,79.9815999999999,95.4543999999999
152.67,80.4291999999999,96.2927999999999
152.68,80.8767999999999,97.1311999999999
152.69,81.3243999999999,97.9695999999999
152.7,81.7719999999999,98.8079999999999
152.71,82.2195999999999,99.6463999999999
152.72,82.6671999999999,100.4848
152.73,83.1147999999999,101.3232
152.74,83.5623999999999,102.1616
152.75,84.0099999999999,103.0
152.76,84.4575999999998,103.8384
152.77,84.9051999999998,104.6768
152.78,85.3527999999998,105.5152
152.79,85.8003999999998,106.3536
152.8,86.2479999999998,107.192
152.81,86.6955999999998,108.0304
152.82,87.1431999999998,108.8688
152.83,87.5907999999998,109.7072
152.84,88.0383999999998,110.5456
152.85,88.4859999999998,111.384
152.86,88.9335999999998,112.2224
152.87,89.3811999999998,113.0608
152.88,89.8287999999998,113.8992
152.89,90.2763999999998,114.7376
152.9,90.7239999999998,115.576
152.91,91.1715999999998,116.4144
152.92,91.6191999999998,117.2528
152.93,92.0667999999997,118.0912
152.94,92.5143999999997,118.9296
152.95,92.9619999999997,119.768
152.96,93.4095999999997,120.6064
152.97,93.8571999999997,121.4448
152.98,94.3047999999997,122.2832
152.99,94.7523999999997,123.1216
153.0,95.2,123.96
153.01,95.7104,125.0354
153.02,96.2208,126.1108
153.03,96.7312,127.1862
153.04,97.2416,128.2616
153.05,97.752,129.337
153.06,98.2624,130.4124
153.07,98.7728,131.4878
153.08,99.2832,132.5632
153.09,99.7936,133.6386
153.1,100.304,134.714
153.11,100.8144,135.7894
153.12,101.3248,136.8648
153.13,101.8352,137.9402
153.14,102.3456,139.0156
153.15,102.856,140.091
153.16,103.3664,141.1664
153.17,103.8768,142.2418
153.18,104.3872,143.3172
153.19,104.8976,144.3926
153.2,105.408,145.468
153.21,105.9184,146.5434
153.22,106.4288,147.6188
153.23,106.9392,148.6942
153.24,107.4496,149.7696
153.25,107.96,150.845
153.26,108.4704,151.9204
153.27,108.9808,152.9958
153.28,109.4912,154.0712
153.29,110.0016,155.1466
153.3,110.512,156.222
153.31,111.0224,157.2974
153.32,111.5328,158.3728
153.33,112.0432,159.4482
153.34,112.5536,160.5236
153.35,113.064,161.599
153.36,113.5744,162.6744
153.37,114.0848,163.7498
153.38,114.5952,164.8252
153.39,115.1056,165.9006
153.4,115.616,166.976
153.41,116.1264,168.0514
153.42,116.6368,169.1268
153.43,117.1472,170.2022
153.44,117.6576,171.2776
153.45,118.168,172.353
153.46,118.6784,173.4284
153.47,119.1888,174.5038
153.48,119.6992,175.5792
153.49,120.2096,176.6546
153.5,120.72,177.73
153.51,121.3272,179.08
153.52,121.9344,180.43
153.53,122.5416,181.78
153.54,123.1488,183.13
153.55,123.756,184.48
153.56,124.3632,185.83
153.57,124.9704,187.18
153.58,125.5776,188.53
153.59,126.1848,189.88
153.6,126.792,191.23
153.61,127.3992,192.58
153.62,128.0064,193.93
153.63,128.6136,195.28
153.64,129.2208,196.63
153.65,129.828,197.98
153.66,130.4352,199.33
153.67,131.0424,200.68
153.68,131.6496,202.03
153.69,132.2568,203.38
153.7,132.864,204.73
153.71,133.4712,206.08
153.72,134.0784,207.43
153.73,134.6856,208.78
153.74,135.2928,210.13
153.75,135.9,211.48
153.76,136.5072,212.83
153.77,137.1144,214.18
153.78,137.7216,215.53
153.79,138.3288,216.88
153.8,138.936,218.23
153.81,139.5432,219.58
153.82,140.1504,220.93
153.83,140.7576,222.28
153.84,141.3648,223.63
153.85,141.972,224.98
153.86,142.5792,226.33
153.87,143.1864,227.68
153.88,143.7936,229.03
153.89,144.4008,230.38
153.9,145.008,231.73
153.91,145.6152,233.08
153.92,146.2224,234.43
153.93,146.8296,235.78
153.94,147.4368,237.13
153.95,148.044,238.48
153.96,148.6512,239.83
153.97,149.2584,241.18
153.98,149.8656,242.53
153.99,150.4728,243.88
154.0,151.08,245.23
154.01,151.781,246.9066
154.02,152.482,248.5832
154.03,153.183,250.2598
154.04,153.884,251.9364
154.05,154.585,253.613
154.06,155.286,255.2896
154.07,155.987,256.9662
154.08,156.688,258.6428
154.09,157.389,260.3194
154.1,158.09,261.996
154.11,158.791,263.6726
154.12,159.492,265.3492
154.13,160.193,267.0258
154.14,160.894,268.7024
154.15,161.595,270.379
154.16,162.296,272.0556
154.17,162.997,273.7322
154.18,163.698,275.4088
154.19,164.399,277.0854
154.2,165.1,278.762
154.21,165.801,280.4386
154.22,166.502,282.1152
154.23,167.203,283.7918
154.24,167.904,285.4684
154.25,168.605,287.145
154.26,169.306,288.8216
154.27,170.007,290.4982
154.28,170.708,292.1748
154.29,171.409,293.8514
154.3,172.11,295.528
154.31,172.811,297.2046
154.32,173.512,298.8812
154.33,174.213,300.5578
154.34,174.914,302.2344
154.35,175.615,303.911
154.36,176.316,305.5876
154.37,177.017,307.2642
154.38,177.718,308.9408
154.39,178.419,310.6174
154.4,179.12,312.294
154.41,179.821,313.9706
154.42,180.522,315.6472
154.43,181.223,317.3238
154.44,181.924,319.0004
154.45,182.625,320.677
154.46,183.326,322.3536
154.47,184.027,324.0302
154.48,184.728,325.7068
154.49,185.429,327.3834
154.5,186.13,329.06
154.51,186.9762,331.1304
154.52,187.8224,333.2008
154.53,188.6686,335.2712
154.54,189.5148,337.3416
154.55,190.361,339.412
154.56,191.2072,341.4824
154.57,192.0534,343.5528
154.58,192.8996,345.6232
154.59,193.7458,347.6936
154.6,194.592,349.764
154.61,195.4382,351.8344
154.62,196.2844,353.9048
154.63,197.1306,355.9752
154.64,197.9768,358.0456
154.65,198.823,360.116
154.66,199.6692,362.1864
154.67,200.5154,364.2568
154.68,201.3616,366.3272
154.69,202.2078,368.3976
154.7,203.054,370.468
154.71,203.9002,372.5384
154.72,204.7464,374.6088
154.73,205.5926,376.6792
154.74,206.4388,378.7496
154.75,207.285,380.82
154.76,208.1312,382.8904
154.77,208.9774,384.9608
154.78,209.8236,387.0312
154.79,210.6698,389.1016
154.8,211.516,391.172
154.81,212.3622,393.2424
154.82,213.2084,395.3128
154.83,214.0546,397.3832
154.84,214.9008,399.4536
154.85,215.747,401.524
154.86,216.5932,403.5944
154.87,217.4394,405.6648
154.88,218.2856,407.7352
154.89,219.1318,409.8056
154.9,219.978,411.876
154.91,220.8242,413.9464
154.92,221.6704,416.0168
154.93,222.5166,418.0872
154.94,223.3628,420.1576
154.95,224.209,422.228
154.96,225.0552,424.2984
154.97,225.9014,426.3688
154.98,226.747600000001,428.4392
154.99,227.593800000001,430.5096
155.0,228.44,432.58
155.01,229.4924,435.1326
155.02,230.5448,437.6852
155.03,231.5972,440.2378
155.04,232.6496,442.7904
155.05,233.702,445.343
155.06,234.7544,447.8956
155.07,235.8068,450.4482
155.08,236.8592,453.0008
155.09,237.9116,455.5534
155.1,238.964,458.106
155.11,240.0164,460.6586
155.12,241.0688,463.2112
155.13,242.1212,465.7638
155.14,243.1736,468.3164
155.15,244.226,470.869
155.16,245.2784,473.4216
155.17,246.3308,475.9742
155.18,247.3832,478.5268
155.19,248.4356,481.0794
155.2,249.488,483.632
155.21,250.5404,486.1846
155.22,251.5928,488.7372
155.23,252.6452,491.2898
155.24,253.6976,493.8424
155.25,254.75,496.395
155.26,255.8024,498.9476
155.27,256.8548,501.5002
155.28,257.9072,504.0528
155.29,258.9596,506.6054
155.3,260.012,509.158
155.31,261.0644,511.7106
155.32,262.1168,514.2632
155.33,263.1692,516.8158
155.34,264.2216,519.3684
155.35,265.274,521.921
155.36,266.3264,524.4736
155.37,267.3788,527.026199999999
155.38,268.4312,529.578799999999
155.39,269.4836,532.131399999999
155.4,270.536,534.683999999999
155.41,271.5884,537.236599999999
155.42,272.6408,539.789199999999
155.43,273.6932,542.341799999999
155.44,274.7456,544.894399999999
155.45,275.798,547.446999999999
155.46,276.8504,549.999599999999
155.47,277.9028,552.552199999999
155.48,278.9552,555.104799999999
155.49,280.0076,557.657399999999
155.5,281.06,560.21
155.51,282.295,563.3238
155.52,283.53,566.4376
155.53,284.765,569.5514
155.54,286.0,572.6652
155.55,287.235,575.779
155.56,288.47,578.8928
155.57,289.705,582.0066
155.58,290.94,585.1204
155.59,292.175,588.2342
155.6,293.41,591.348
155.61,294.645,594.4618
155.62,295.88,597.5756
155.63,297.115,600.6894
155.64,298.35,603.8032
155.65,299.585,606.917
155.66,300.82,610.0308
155.67,302.055,613.1446
155.68,303.29,616.2584
155.69,304.525,619.3722
155.7,305.76,622.485999999999
155.71,306.995,625.599799999999
155.72,308.23,628.713599999999
155.73,309.465,631.827399999999
155.74,310.7,634.941199999999
155.75,311.935,638.054999999999
155.76,313.17,641.168799999999
155.77,314.405,644.282599999999
155.78,315.64,647.396399999999
155.79,316.875,650.510199999999
155.8,318.11,653.623999999999
155.81,319.345,656.737799999999
155.82,320.58,659.851599999999
155.83,321.815,662.965399999999
155.84,323.05,666.079199999999
155.85,324.285000000001,669.192999999999
155.86,325.520000000001,672.306799999999
155.87,326.755000000001,675.420599999999
155.88,327.990000000001,678.534399999999
155.89,329.225000000001,681.648199999999
155.9,330.460000000001,684.761999999999
155.91,331.695000000001,687.875799999999
155.92,332.930000000001,690.989599999999
155.93,334.165000000001,694.103399999999
155.94,335.400000000001,697.217199999999
155.95,336.635000000001,700.330999999999
155.96,337.870000000001,703.444799999999
155.97,339.105000000001,706.558599999999
155.98,340.340000000001,709.672399999999
155.99,341.575000000001,712.786199999999
156.0,342.81,715.9
156.01,344.0154,719.6178
156.02,345.2208,723.3356
156.03,346.4262,727.0534
156.04,347.6316,730.7712
156.05,348.837,734.489
156.06,350.0424,738.2068
156.07,351.2478,741.9246
156.08,352.4532,745.6424
156.09,353.6586,749.3602
156.1,354.864,753.078
156.11,356.0694,756.7958
156.12,357.2748,760.5136
156.13,358.4802,764.2314
156.14,359.6856,767.9492
156.15,360.891,771.667
156.16,362.0964,775.3848
156.17,363.3018,779.1026
156.18,364.5072,782.8204
156.19,365.7126,786.5382
156.2,366.918,790.256
156.21,368.1234,793.9738
156.22,369.3288,797.6916
156.23,370.5342,801.4094
156.24,371.7396,805.1272
156.25,372.945,808.845
156.26,374.1504,812.5628
156.27,375.3558,816.2806
156.28,376.5612,819.9984
156.29,377.7666,823.7162
156.3,378.972,827.434
156.31,380.1774,831.1518
156.32,381.3828,834.8696
156.33,382.5882,838.5874
156.34,383.7936,842.3052
156.35,384.999,846.023
156.36,386.2044,849.7408
156.37,387.4098,853.4586
156.38,388.6152,857.1764
156.39,389.8206,860.8942
156.4,391.026,864.612
156.41,392.2314,868.3298
156.42,393.4368,872.0476
156.43,394.6422,875.765400000001
156.44,395.8476,879.483200000001
156.45,397.053,883.201000000001
156.46,398.2584,886.918800000001
156.47,399.4638,890.636600000001
156.48,400.6692,894.354400000001
156.49,401.8746,898.072200000001
156.5,403.08,901.79
156.51,404.3722,906.132
156.52,405.6644,910.474
156.53,406.9566,914.816
156.54,408.2488,919.158
156.55,409.541,923.5
156.56,410.8332,927.842
156.57,412.1254,932.184
156.58,413.4176,936.526
156.59,414.7098,940.868
156.6,416.002,945.21
156.61,417.2942,949.552
156.62,418.5864,953.894
156.63,419.8786,958.236
156.64,421.1708,962.578
156.65,422.463,966.92
156.66,423.7552,971.262
156.67,425.0474,975.604
156.68,426.3396,979.946
156.69,427.6318,984.288
156.7,428.924,988.63
156.71,430.2162,992.972
156.72,431.5084,997.314
156.73,432.8006,1001.656
156.74,434.0928,1005.998
156.75,435.385,1010.34
156.76,436.677199999999,1014.682
156.77,437.969399999999,1019.024
156.78,439.261599999999,1023.366
156.79,440.553799999999,1027.708
156.8,441.845999999999,1032.05
156.81,443.138199999999,1036.392
156.82,444.430399999999,1040.734
156.83,445.722599999999,1045.076
156.84,447.014799999999,1049.418
156.85,448.306999999999,1053.76
156.86,449.599199999999,1058.102
156.87,450.891399999999,1062.444
156.88,452.183599999999,1066.786
156.89,453.475799999999,1071.128
156.9,454.767999999999,1075.47
156.91,456.060199999999,1079.812
156.92,457.352399999999,1084.154
156.93,458.644599999999,1088.496
156.94,459.936799999999,1092.838
156.95,461.228999999999,1097.18
156.96,462.521199999999,1101.522
156.97,463.813399999999,1105.864
156.98,465.105599999999,1110.206
156.99,466.397799999999,1114.548
157.0,467.69,1118.89
157.01,469.132,1123.9112
157.02,470.574,1128.9324
157.03,472.016,1133.9536
157.04,473.458,1138.9748
157.05,474.9,1143.996
157.06,476.342,1149.0172
157.07,477.784,1154.0384
157.08,479.226,1159.0596
157.09,480.668,1164.0808
157.1,482.11,1169.102
157.11,483.552,1174.1232
157.12,484.994,1179.1444
157.13,486.436,1184.1656
157.14,487.878,1189.1868
157.15,489.32,1194.208
157.16,490.762,1199.2292
157.17,492.204,1204.2504
157.18,493.646,1209.2716
157.19,495.088,1214.2928
157.2,496.53,1219.314
157.21,497.972,1224.3352
157.22,499.414,1229.3564
157.23,500.856,1234.3776
157.24,502.298,1239.3988
157.25,503.74,1244.42
157.26,505.182,1249.4412
157.27,506.624,1254.4624
157.28,508.066,1259.4836
157.29,509.508,1264.5048
157.3,510.95,1269.526
157.31,512.392,1274.5472
157.32,513.834,1279.5684
157.33,515.276,1284.5896
157.34,516.718,1289.6108
157.35,518.16,1294.632
157.36,519.602,1299.6532
157.37,521.044,1304.6744
157.38,522.486,1309.6956
157.39,523.928,1314.7168
157.4,525.37,1319.738
157.41,526.812,1324.7592
157.42,528.254,1329.7804
157.43,529.696,1334.8016
157.44,531.138,1339.8228
157.45,532.58,1344.844
157.46,534.022,1349.8652
157.47,535.464,1354.8864
157.48,536.906,1359.9076
157.49,538.348,1364.9288
157.5,539.79,1369.95
157.51,541.261153846154,1375.53923076923
157.52,542.732307692308,1381.12846153846
157.53,544.203461538461,1386.71769230769
157.54,545.674615384615,1392.30692307692
157.55,547.145769230769,1397.89615384615
157.56,548.616923076923,1403.48538461538
157.57,550.088076923077,1409.07461538461
157.58,551.559230769231,1414.66384615385
157.59,553.030384615384,1420.25307692308
157.6,554.501538461538,1425.84230769231
157.61,555.972692307692,1431.43153846154
157.62,557.443846153846,1437.02076923077
157.63,558.915,1442.61
157.64,560.386153846153,1448.19923076923
157.65,561.857307692307,1453.78846153846
157.66,563.328461538461,1459.37769230769
157.67,564.799615384615,1464.96692307692
157.68,566.270769230769,1470.55615384615
157.69,567.741923076922,1476.14538461538
157.7,569.213076923076,1481.73461538461
157.71,570.68423076923,1487.32384615384
157.72,572.155384615384,1492.91307692307
157.73,573.626538461538,1498.50230769231
157.74,575.097692307691,1504.09153846154
157.75,576.568846153845,1509.68076923077
157.76,578.04,1515.27
157.77,579.540833333333,1521.22583333333
157.78,581.041666666667,1527.18166666667
157.79,582.5425,1533.1375
157.8,584.043333333333,1539.09333333333
157.81,585.544166666666,1545.04916666667
157.82,587.045,1551.005
157.83,588.545833333333,1556.96083333333
157.84,590.046666666666,1562.91666666667
157.85,591.547499999999,1568.8725
157.86,593.048333333333,1574.82833333333
157.87,594.549166666666,1580.78416666667
157.88,596.049999999999,1586.74
157.89,597.550833333333,1592.69583333333
157.9,599.051666666666,1598.65166666667
157.91,600.552499999999,1604.6075
157.92,602.053333333332,1610.56333333333
157.93,603.554166666666,1616.51916666667
157.94,605.054999999999,1622.475
157.95,606.555833333332,1628.43083333334
157.96,608.056666666666,1634.38666666667
157.97,609.557499999999,1640.3425
157.98,611.058333333332,1646.29833333334
157.99,612.559166666665,1652.25416666667
158.0,614.06,1658.21
158.01,615.5872,1664.7162
158.02,617.1144,1671.2224
158.03,618.6416,1677.7286
158.04,620.1688,1684.2348
158.05,621.696,1690.741
158.06,623.2232,1697.2472
158.07,624.7504,1703.7534
158.08,626.2776,1710.2596
158.09,627.8048,1716.7658
158.1,629.332,1723.272
158.11,630.8592,1729.7782
158.12,632.3864,1736.2844
158.13,633.9136,1742.7906
158.14,635.4408,1749.2968
158.15,636.968,1755.803
158.16,638.4952,1762.3092
158.17,640.0224,1768.8154
158.18,641.5496,1775.3216
158.19,643.0768,1781.8278
158.2,644.604,1788.334
158.21,646.1312,1794.8402
158.22,647.6584,1801.3464
158.23,649.1856,1807.8526
158.24,650.7128,1814.3588
158.25,652.24,1820.865
158.26,653.7672,1827.3712
158.27,655.2944,1833.8774
158.28,656.8216,1840.3836
158.29,658.3488,1846.8898
158.3,659.876,1853.396
158.31,661.4032,1859.9022
158.32,662.9304,1866.4084
158.33,664.4576,1872.9146
158.34,665.9848,1879.4208
158.35,667.512,1885.927
158.36,669.0392,1892.4332
158.37,670.5664,1898.9394
158.38,672.0936,1905.4456
158.39,673.6208,1911.9518
158.4,675.148,1918.458
158.41,676.6752,1924.9642
158.42,678.2024,1931.4704
158.43,679.7296,1937.9766
158.44,681.2568,1944.4828
158.45,682.784,1950.989
158.46,684.3112,1957.4952
158.47,685.8384,1964.0014
158.48,687.3656,1970.5076
158.49,688.8928,1977.0138
158.5,690.42,1983.52
158.51,692.2824,1990.8734
158.52,694.1448,1998.2268
158.53,696.0072,2005.5802
158.54,697.8696,2012.9336
158.55,699.732,2020.287
158.56,701.5944,2027.6404
158.57,703.4568,2034.9938
158.58,705.3192,2042.3472
158.59,707.1816,2049.7006
158.6,709.044,2057.054
158.61,710.9064,2064.4074
158.62,712.7688,2071.7608
158.63,714.6312,2079.1142
158.64,716.4936,2086.4676
158.65,718.356,2093.821
158.66,720.2184,2101.1744
158.67,722.0808,2108.5278
158.68,723.9432,2115.8812
158.69,725.8056,2123.2346
158.7,727.668,2130.588
158.71,729.5304,2137.9414
158.72,731.3928,2145.2948
158.73,733.2552,2152.6482
158.74,735.1176,2160.0016
158.75,736.979999999999,2167.355
158.76,738.842399999999,2174.7084
158.77,740.704799999999,2182.0618
158.78,742.567199999999,2189.4152
158.79,744.429599999999,2196.7686
158.8,746.291999999999,2204.122
158.81,748.154399999999,2211.4754
158.82,750.016799999999,2218.8288
158.83,751.879199999999,2226.1822
158.84,753.741599999999,2233.5356
158.85,755.603999999999,2240.889
158.86,757.466399999999,2248.2424
158.87,759.328799999999,2255.5958
158.88,761.191199999999,2262.9492
158.89,763.053599999999,2270.3026
158.9,764.915999999999,2277.656
158.91,766.778399999999,2285.0094
158.92,768.640799999999,2292.3628
158.93,770.503199999999,2299.7162
158.94,772.365599999999,2307.0696
158.95,774.227999999999,2314.423
158.96,776.090399999999,2321.7764
158.97,777.952799999999,2329.1298
158.98,779.815199999999,2336.4832
158.99,781.677599999999,2343.8366
159.0,783.54,2351.19
159.01,785.9318,2359.5908
159.02,788.3236,2367.9916
159.03,790.7154,2376.3924
159.04,793.1072,2384.7932
159.05,795.499,2393.194
159.06,797.8908,2401.5948
159.07,800.2826,2409.9956
159.08,802.6744,2418.3964
159.09,805.0662,2426.7972
159.1,807.458,2435.198
159.11,809.8498,2443.5988
159.12,812.2416,2451.9996
159.13,814.6334,2460.4004
159.14,817.0252,2468.8012
159.15,819.417,2477.202
159.16,821.8088,2485.6028
159.17,824.2006,2494.0036
159.18,826.5924,2502.4044
159.19,828.9842,2510.8052
159.2,831.376,2519.206
159.21,833.7678,2527.6068
159.22,836.1596,2536.0076
159.23,838.5514,2544.4084
159.24,840.9432,2552.8092
159.25,843.335,2561.21
159.26,845.7268,2569.6108
159.27,848.1186,2578.0116
159.28,850.5104,2586.4124
159.29,852.9022,2594.8132
159.3,855.294,2603.214
159.31,857.6858,2611.6148
159.32,860.0776,2620.0156
159.33,862.4694,2628.4164
159.34,864.8612,2636.8172
159.35,867.253,2645.218
159.36,869.6448,2653.6188
159.37,872.0366,2662.0196
159.38,874.4284,2670.4204
159.39,876.8202,2678.8212
159.4,879.212,2687.222
159.41,881.6038,2695.6228
159.42,883.9956,2704.0236
159.43,886.3874,2712.4244
159.44,888.7792,2720.8252
159.45,891.171,2729.226
159.46,893.5628,2737.6268
159.47,895.9546,2746.0276
159.48,898.346399999999,2754.4284
159.49,900.738199999999,2762.82919999999
159.5,903.13,2771.23
159.51,906.9634,2781.1552
159.52,910.7968,2791.0804
159.53,914.6302,2801.0056
159.54,918.4636,2810.9308
159.55,922.297,2820.856
159.56,926.1304,2830.7812
159.57,929.9638,2840.7064
159.58,933.7972,2850.6316
159.59,937.6306,2860.5568
159.6,941.464,2870.482
159.61,945.2974,2880.4072
159.62,949.1308,2890.3324
159.63,952.9642,2900.2576
159.64,956.7976,2910.1828
159.65,960.631,2920.108
159.66,964.4644,2930.0332
159.67,968.2978,2939.9584
159.68,972.1312,2949.8836
159.69,975.9646,2959.8088
159.7,979.798,2969.734
159.71,983.6314,2979.6592
159.72,987.4648,2989.5844
159.73,991.2982,2999.5096
159.74,995.1316,3009.4348
159.75,998.965,3019.36
159.76,1002.7984,3029.2852
159.77,1006.6318,3039.2104
159.78,1010.4652,3049.1356
159.79,1014.2986,3059.0608
159.8,1018.132,3068.986
159.81,1021.9654,3078.9112
159.82,1025.7988,3088.8364
159.83,1029.6322,3098.7616
159.84,1033.4656,3108.6868
159.85,1037.299,3118.612
159.86,1041.1324,3128.5372
159.87,1044.9658,3138.46240000001
159.88,1048.7992,3148.38760000001
159.89,1052.6326,3158.31280000001
159.9,1056.466,3168.23800000001
159.91,1060.2994,3178.16320000001
159.92,1064.1328,3188.08840000001
159.93,1067.9662,3198.01360000001
159.94,1071.7996,3207.93880000001
159.95,1075.633,3217.86400000001
159.96,1079.4664,3227.78920000001
159.97,1083.2998,3237.71440000001
159.98,1087.1332,3247.63960000001
159.99,1090.9666,3257.56480000001
160.0,1094.8,3267.49
160.01,1101.602,3279.9622
160.02,1108.404,3292.4344
160.03,1115.206,3304.9066
160.04,1122.008,3317.3788
160.05,1128.81,3329.851
160.06,1135.612,3342.3232
160.07,1142.414,3354.7954
160.08,1149.216,3367.2676
160.09,1156.018,3379.7398
160.1,1162.82,3392.212
160.11,1169.622,3404.6842
160.12,1176.424,3417.1564
160.13,1183.226,3429.6286
160.14,1190.028,3442.1008
160.15,1196.83,3454.573
160.16,1203.632,3467.0452
160.17,1210.434,3479.5174
160.18,1217.236,3491.9896
160.19,1224.038,3504.4618
160.2,1230.84,3516.934
160.21,1237.642,3529.4062
160.22,1244.444,3541.8784
160.23,1251.246,3554.3506
160.24,1258.048,3566.8228
160.25,1264.85,3579.295
160.26,1271.652,3591.7672
160.27,1278.454,3604.2394
160.28,1285.256,3616.7116
160.29,1292.058,3629.1838
160.3,1298.86,3641.656
160.31,1305.662,3654.1282
160.32,1312.464,3666.60040000001
160.33,1319.266,3679.07260000001
160.34,1326.068,3691.54480000001
160.35,1332.87,3704.01700000001
160.36,1339.672,3716.48920000001
160.37,1346.474,3728.96140000001
160.38,1353.276,3741.43360000001
160.39,1360.078,3753.90580000001
160.4,1366.88,3766.37800000001
160.41,1373.682,3778.85020000001
160.42,1380.484,3791.32240000001
160.43,1387.286,3803.79460000001
160.44,1394.088,3816.26680000001
160.45,1400.89,3828.73900000001
160.46,1407.692,3841.21120000001
160.47,1414.494,3853.68340000001
160.48,1421.296,3866.15560000001
160.49,1428.098,3878.62780000001
160.5,1434.9,3891.1
160.51,1447.372,3908.2398
160.52,1459.844,3925.3796
160.53,1472.316,3942.5194
160.54,1484.788,3959.6592
160.55,1497.26,3976.799
160.56,1509.732,3993.9388
160.57,1522.204,4011.0786
160.58,1534.676,4028.2184
160.59,1547.148,4045.3582
160.6,1559.62,4062.498
160.61,1572.092,4079.6378
160.62,1584.564,4096.7776
160.63,1597.036,4113.9174
160.64,1609.508,4131.0572
160.65,1621.98,4148.197
160.66,1634.452,4165.3368
160.67,1646.924,4182.4766
160.68,1659.396,4199.6164
160.69,1671.868,4216.7562
160.7,1684.34,4233.896
160.71,1696.812,4251.0358
160.72,1709.284,4268.1756
160.73,1721.756,4285.3154
160.74,1734.228,4302.4552
160.75,1746.7,4319.595
160.76,1759.172,4336.7348
160.77,1771.644,4353.8746
160.78,1784.116,4371.0144
160.79,1796.588,4388.1542
160.8,1809.06,4405.294
160.81,1821.532,4422.4338
160.82,1834.004,4439.5736
160.83,1846.476,4456.7134
160.84,1858.948,4473.8532
160.85,1871.42,4490.993
160.86,1883.892,4508.1328
160.87,1896.364,4525.2726
160.88,1908.836,4542.4124
160.89,1921.308,4559.5522
160.9,1933.78,4576.692
160.91,1946.252,4593.8318
160.92,1958.724,4610.9716
160.93,1971.196,4628.1114
160.94,1983.668,4645.2512
160.95,1996.14,4662.391
160.96,2008.612,4679.5308
160.97,2021.084,4696.6706
160.98,2033.556,4713.8104
160.99,2046.028,4730.9502
161.0,2058.5,4748.09
161.01,2088.514,4774.8198
161.02,2118.528,4801.5496
161.03,2148.542,4828.2794
161.04,2178.556,4855.0092
161.05,2208.57,4881.739
161.06,2238.584,4908.4688
161.07,2268.598,4935.1986
161.08,2298.612,4961.9284
161.09,2328.626,4988.6582
161.1,2358.64,5015.388
161.11,2388.654,5042.1178
161.12,2418.668,5068.8476
161.13,2448.682,5095.5774
161.14,2478.696,5122.3072
161.15,2508.71,5149.037
161.16,2538.724,5175.7668
161.17,2568.738,5202.4966
161.18,2598.752,5229.2264
161.19,2628.766,5255.9562
161.2,2658.78,5282.686
161.21,2688.794,5309.4158
161.22,2718.808,5336.1456
161.23,2748.822,5362.8754
161.24,2778.836,5389.6052
161.25,2808.85,5416.335
161.26,2838.864,5443.0648
161.27,2868.878,5469.7946
161.28,2898.892,5496.5244
161.29,2928.906,5523.2542
161.3,2958.92,5549.984
161.31,2988.934,5576.7138
161.32,3018.948,5603.4436
161.33,3048.962,5630.1734
161.34,3078.976,5656.9032
161.35,3108.99,5683.633
161.36,3139.004,5710.3628
161.37,3169.018,5737.0926
161.38,3199.032,5763.8224
161.39,3229.04600000001,5790.5522
161.4,3259.06000000001,5817.282
161.41,3289.07400000001,5844.0118
161.42,3319.08800000001,5870.7416
161.43,3349.10200000001,5897.4714
161.44,3379.11600000001,5924.2012
161.45,3409.13000000001,5950.931
161.46,3439.14400000001,5977.6608
161.47,3469.15800000001,6004.3906
161.48,3499.17200000001,6031.1204
161.49,3529.18600000001,6057.8502
161.5,3559.2,6084.58
161.51,3704.096,6145.0492
161.52,3848.992,6205.5184
161.53,3993.888,6265.9876
161.54,4138.784,6326.4568
161.55,4283.68,6386.926
161.56,4428.576,6447.3952
161.57,4573.472,6507.8644
161.58,4718.368,6568.3336
161.59,4863.264,6628.8028
161.6,5008.16,6689.272
161.61,5153.056,6749.74120000001
161.62,5297.952,6810.21040000001
161.63,5442.848,6870.67960000001
161.64,5587.744,6931.14880000001
161.65,5732.64,6991.61800000001
161.66,5877.536,7052.08720000001
161.67,6022.432,7112.55640000001
161.68,6167.328,7173.02560000001
161.69,6312.224,7233.49480000001
161.7,6457.12,7293.96400000001
161.71,6602.016,7354.43320000001
161.72,6746.912,7414.90240000001
161.73,6891.808,7475.37160000001
161.74,7036.704,7535.84080000001
161.75,7181.6,7596.31000000001
161.76,7326.496,7656.77920000001
161.77,7471.39199999999,7717.24840000001
161.78,7616.28799999999,7777.71760000001
161.79,7761.18399999999,7838.18680000001
161.8,7906.07999999999,7898.65600000001
161.81,8050.97599999999,7959.12520000001
161.82,8195.87199999999,8019.59440000001
161.83,8340.768,8080.06360000002
161.84,8485.664,8140.53280000002
161.85,8630.56,8201.00200000002
161.86,8775.456,8261.47120000002
161.87,8920.352,8321.94040000001
161.88,9065.248,8382.40960000001
161.89,9210.144,8442.87880000001
161.9,9355.04,8503.34800000001
161.91,9499.936,8563.81720000001
161.92,9644.832,8624.28640000001
161.93,9789.728,8684.75560000001
161.94,9934.624,8745.22480000001
161.95,10079.52,8805.69400000001
161.96,10224.416,8866.16320000001
161.97,10369.312,8926.63240000001
161.98,10514.208,8987.10160000001
161.99,10659.104,9047.57080000001
162.0,10804.0,9108.04
162.01,12131.58,9420.471
162.02,13459.16,9732.902
162.03,14786.74,10045.333
162.04,16114.32,10357.764
162.05,17441.9,10670.195
162.06,18769.48,10982.626
162.07,20097.06,11295.057
162.08,21424.64,11607.488
162.09,22752.22,11919.919
162.1,24079.8,12232.35
162.11,25407.38,12544.781
162.12,26734.96,12857.212
162.13,28062.54,13169.643
162.14,29390.12,13482.074
162.15,30717.7,13794.505
162.16,32045.28,14106.936
162.17,33372.86,14419.367
162.18,34700.44,14731.798
162.19,36028.02,15044.229
162.2,37355.6,15356.66
162.21,38683.18,15669.091
162.22,40010.76,15981.522
162.23,41338.34,16293.953
162.24,42665.92,16606.384
162.25,43993.5,16918.815
162.26,45321.08,17231.246
162.27,46648.66,17543.677
162.28,47976.24,17856.108
162.29,49303.82,18168.539
162.3,50631.4,18480.97
162.31,51958.9800000001,18793.401
162.32,53286.5600000001,19105.832
162.33,54614.1400000001,19418.263
162.34,55941.7200000001,19730.694
162.35,57269.3000000001,20043.125
162.36,58596.8800000001,20355.556
162.37,59924.4600000001,20667.987
162.38,61252.0400000001,20980.418
162.39,62579.6200000001,21292.849
162.4,63907.2000000001,21605.28
162.41,65234.7800000001,21917.711
162.42,66562.3600000001,22230.142
162.43,67889.9400000001,22542.573
162.44,69217.5200000001,22855.004
162.45,70545.1000000001,23167.435
162.46,71872.6800000001,23479.866
162.47,73200.2600000001,23792.297
162.48,74527.8400000001,24104.728
162.49,75855.4200000001,24417.159
162.5,77183.0,24729.59
162.51,83776.36,27203.4104
162.52,90369.72,29677.2308
162.53,96963.08,32151.0512
162.54,103556.44,34624.8716
162.55,110149.8,37098.692
162.56,116743.16,39572.5124
162.57,123336.52,42046.3328
162.58,129929.88,44520.1532
162.59,136523.24,46993.9736
162.6,143116.6,49467.794
162.61,149709.96,51941.6144
162.62,156303.32,54415.4348
162.63,162896.68,56889.2552
162.64,169490.04,59363.0756
162.65,176083.4,61836.896
162.66,182676.76,64310.7164
162.67,189270.12,66784.5368
162.68,195863.48,69258.3572
162.69,202456.84,71732.1776
162.7,209050.2,74205.998
162.71,215643.56,76679.8184
162.72,222236.92,79153.6387999999
162.73,228830.28,81627.4591999999
162.74,235423.64,84101.2795999999
162.75,242017.0,86575.0999999999
162.76,248610.36,89048.9203999999
162.77,255203.72,91522.7407999999
162.78,261797.08,93996.5611999999
162.79,268390.44,96470.3815999999
162.8,274983.8,98944.2019999999
162.81,281577.16,101418.0224
162.82,288170.52,103891.8428
162.83,294763.88,106365.6632
162.84,301357.24,108839.4836
162.85,307950.6,111313.304
162.86,314543.96,113787.1244
162.87,321137.32,116260.9448
162.88,327730.68,118734.7652
162.89,334324.04,121208.5856
162.9,340917.4,123682.406
162.91,347510.76,126156.2264
162.92,354104.12,128630.0468
162.93,360697.48,131103.8672
162.94,367290.84,133577.6876
162.95,373884.2,136051.508
162.96,380477.56,138525.3284
162.97,387070.919999999,140999.1488
162.98,393664.279999999,143472.9692
162.99,400257.639999999,145946.7896
163.0,406851.0,148420.61
163.01,409723.04,153256.0352
163.02,412595.08,158091.4604
163.03,415467.12,162926.8856
163.04,418339.16,167762.3108
163.05,421211.2,172597.736
163.06,424083.24,177433.1612
163.07,426955.28,182268.5864
163.08,429827.32,187104.0116
163.09,432699.36,191939.4368
163.1,435571.4,196774.862
163.11,438443.44,201610.2872
163.12,441315.48,206445.7124
163.13,444187.52,211281.1376
163.14,447059.56,216116.5628
163.15,449931.6,220951.988
163.16,452803.64,225787.4132
163.17,455675.68,230622.8384
163.18,458547.72,235458.2636
163.19,461419.76,240293.6888
163.2,464291.8,245129.114
163.21,467163.84,249964.5392
163.22,470035.88,254799.9644
163.23,472907.92,259635.3896
163.24,475779.96,264470.8148
163.25,478652.0,269306.24
163.26,481524.039999999,274141.6652
163.27,484396.079999999,278977.0904
163.28,487268.119999999,283812.5156
163.29,490140.159999999,288647.9408
163.3,493012.199999999,293483.366
163.31,495884.239999999,298318.7912
163.32,498756.279999999,303154.2164
163.33,501628.319999999,307989.6416
163.34,504500.359999999,312825.0668
163.35,507372.399999999,317660.492
163.36,510244.439999999,322495.9172
163.37,513116.479999999,327331.3424
163.38,515988.519999999,332166.7676
163.39,518860.559999999,337002.1928
163.4,521732.599999999,341837.618
163.41,524604.639999999,346673.0432
163.42,527476.679999999,351508.4684
163.43,530348.719999999,356343.8936
163.44,533220.759999999,361179.3188
163.45,536092.799999999,366014.744
163.46,538964.839999999,370850.1692
163.47,541836.879999999,375685.5944
163.48,544708.92,380521.0196
163.49,547580.96,385356.4448
163.5,550453.0,390191.87
163.51,552861.84,396303.6866
163.52,555270.68,402415.5032
163.53,557679.52,408527.3198
163.54,560088.36,414639.1364
163.55,562497.2,420750.953
163.56,564906.04,426862.7696
163.57,567314.88,432974.5862
163.58,569723.72,439086.4028
163.59,572132.56,445198.2194
163.6,574541.4,451310.036
163.61,576950.24,457421.8526
163.62,579359.08,463533.6692
163.63,581767.92,469645.4858
163.64,584176.76,475757.3024
163.65,586585.6,481869.119
163.66,588994.44,487980.9356
163.67,591403.279999999,494092.7522
163.68,593812.119999999,500204.5688
163.69,596220.959999999,506316.3854
163.7,598629.799999999,512428.202
163.71,601038.639999999,518540.0186
163.72,603447.479999999,524651.8352
163.73,605856.319999999,530763.651800001
163.74,608265.159999999,536875.468400001
163.75,610673.999999999,542987.285000001
163.76,613082.839999999,549099.101600001
163.77,615491.679999999,555210.918200001
163.78,617900.519999999,561322.734800001
163.79,620309.359999999,567434.551400001
163.8,622718.199999999,573546.368000001
163.81,625127.039999999,579658.184600001
163.82,627535.879999999,585770.001200001
163.83,629944.719999999,591881.817800001
163.84,632353.559999999,597993.634400001
163.85,634762.399999999,604105.451000001
163.86,637171.239999999,610217.267600001
163.87,639580.079999999,616329.084200001
163.88,641988.919999999,622440.900800001
163.89,644397.759999999,628552.717400001
163.9,646806.599999999,634664.534000001
163.91,649215.439999999,640776.350600001
163.92,651624.279999999,646888.167200001
163.93,654033.119999999,652999.983800001
163.94,656441.959999999,659111.800400001
163.95,658850.799999999,665223.617000001
163.96,661259.639999999,671335.433600001
163.97,663668.479999999,677447.250200001
163.98,666077.319999998,683559.066800001
163.99,668486.159999998,689670.883400001
164.0,670895.0,695782.7
164.01,673021.08,703049.734
164.02,675147.16,710316.768
164.03,677273.24,717583.802
164.04,679399.32,724850.836
164.05,681525.4,732117.87
164.06,683651.48,739384.904
164.07,685777.56,746651.938
164.08,687903.64,753918.972
164.09,690029.72,761186.006
164.1,692155.8,768453.04
164.11,694281.88,775720.074
164.12,696407.96,782987.108
164.13,698534.04,790254.142
164.14,700660.119999999,797521.176
164.15,702786.199999999,804788.21
164.16,704912.279999999,812055.244
164.17,707038.359999999,819322.278
164.18,709164.439999999,826589.312
164.19,711290.519999999,833856.346
164.2,713416.599999999,841123.38
164.21,715542.679999999,848390.414
164.22,717668.759999999,855657.448
164.23,719794.839999999,862924.482
164.24,721920.919999999,870191.516
164.25,724046.999999999,877458.55
164.26,726173.079999999,884725.584
164.27,728299.159999999,891992.618
164.28,730425.239999999,899259.652
164.29,732551.319999999,906526.686
164.3,734677.399999999,913793.72
164.31,736803.479999999,921060.754
164.32,738929.559999999,928327.788
164.33,741055.639999999,935594.822
164.34,743181.719999999,942861.855999999
164.35,745307.799999999,950128.889999999
164.36,747433.879999999,957395.923999999
164.37,749559.959999998,964662.957999999
164.38,751686.039999998,971929.991999999
164.39,753812.119999998,979197.025999999
164.4,755938.199999998,986464.059999999
164.41,758064.279999998,993731.093999999
164.42,760190.359999998,1000998.128
164.43,762316.439999998,1008265.162
164.44,764442.519999998,1015532.196
164.45,766568.599999998,1022799.23
164.46,768694.679999998,1030066.264
164.47,770820.759999998,1037333.298
164.48,772946.839999998,1044600.332
164.49,775072.919999998,1051867.366
164.5,777199.0,1059134.4
164.51,778681.12,1067267.714
164.52,780163.24,1075401.028
164.53,781645.36,1083534.342
164.54,783127.48,1091667.656
164.55,784609.6,1099800.97
164.56,786091.72,1107934.284
164.57,787573.84,1116067.598
164.58,789055.96,1124200.912
164.59,790538.08,1132334.226
164.6,792020.2,1140467.54
164.61,793502.32,1148600.854
164.62,794984.44,1156734.168
164.63,796466.56,1164867.482
164.64,797948.68,1173000.796
164.65,799430.8,1181134.11
164.66,800912.92,1189267.424
164.67,802395.04,1197400.738
164.68,803877.16,1205534.052
164.69,805359.28,1213667.366
164.7,806841.4,1221800.68
164.71,808323.52,1229933.994
164.72,809805.64,1238067.308
164.73,811287.76,1246200.622
164.74,812769.88,1254333.936
164.75,814252.0,1262467.25
164.76,815734.12,1270600.564
164.77,817216.24,1278733.878
164.78,818698.36,1286867.192
164.79,820180.48,1295000.506
164.8,821662.6,1303133.82
164.81,823144.72,1311267.134
164.82,824626.84,1319400.448
164.83,826108.96,1327533.762
164.84,827591.08,1335667.076
164.85,829073.2,1343800.39
164.86,830555.32,1351933.704
164.87,832037.44,1360067.018
164.88,833519.56,1368200.332
164.89,835001.68,1376333.646
164.9,836483.8,1384466.96
164.91,837965.92,1392600.274
164.92,839448.04,1400733.588
164.93,840930.16,1408866.902
164.94,842412.28,1417000.216
164.95,843894.4,1425133.53
164.96,845376.52,1433266.844
164.97,846858.64,1441400.158
164.98,848340.76,1449533.472
164.99,849822.88,1457666.786
165.0,851305.0,1465800.1
165.01,852642.72,1474644.094
165.02,853980.44,1483488.088
165.03,855318.16,1492332.082
165.04,856655.88,1501176.076
165.05,857993.6,1510020.07
165.06,859331.32,1518864.064
165.07,860669.04,1527708.058
165.08,862006.76,1536552.052
165.09,863344.48,1545396.046
165.1,864682.2,1554240.04
165.11,866019.92,1563084.034
165.12,867357.64,1571928.028
165.13,868695.36,1580772.022
165.14,870033.08,1589616.016
165.15,871370.8,1598460.01
165.16,872708.52,1607304.004
165.17,874046.24,1616147.998
165.18,875383.96,1624991.992
165.19,876721.68,1633835.986
165.2,878059.399999999,1642679.98
165.21,879397.119999999,1651523.974
165.22,880734.839999999,1660367.968
165.23,882072.559999999,1669211.962
165.24,883410.279999999,1678055.956
165.25,884747.999999999,1686899.95
165.26,886085.719999999,1695743.944
165.27,887423.439999999,1704587.938
165.28,888761.159999999,1713431.932
165.29,890098.879999999,1722275.926
165.3,891436.599999999,1731119.92
165.31,892774.319999999,1739963.914
165.32,894112.039999999,1748807.908
165.33,895449.759999999,1757651.902
165.34,896787.479999999,1766495.896
165.35,898125.199999999,1775339.89
165.36,899462.919999999,1784183.884
165.37,900800.639999999,1793027.878
165.38,902138.359999999,1801871.872
165.39,903476.079999999,1810715.866
165.4,904813.799999999,1819559.86
165.41,906151.519999999,1828403.854
165.42,907489.239999999,1837247.848
165.43,908826.959999999,1846091.842
165.44,910164.679999999,1854935.836
165.45,911502.399999999,1863779.83
165.46,912840.119999999,1872623.824
165.47,914177.839999999,1881467.818
165.48,915515.559999999,1890311.812
165.49,916853.279999999,1899155.806
165.5,918191.0,1907999.8
165.51,919487.5,1917502.22
165.52,920784.0,1927004.64
165.53,922080.5,1936507.06
165.54,923377.0,1946009.48
165.55,924673.5,1955511.9
165.56,925970.0,1965014.32
165.57,927266.5,1974516.74
165.58,928563.0,1984019.16
165.59,929859.5,1993521.58
165.6,931156.0,2003024.0
165.61,932452.5,2012526.42
165.62,933749.0,2022028.84
165.63,935045.5,2031531.26
165.64,936342.0,2041033.68
165.65,937638.5,2050536.1
165.66,938935.0,2060038.52
165.67,940231.5,2069540.94
165.68,941528.0,2079043.36
165.69,942824.5,2088545.78
165.7,944121.0,2098048.2
165.71,945417.5,2107550.62
165.72,946714.0,2117053.04
165.73,948010.5,2126555.46
165.74,949307.0,2136057.88
165.75,950603.5,2145560.3
165.76,951900.0,2155062.72
165.77,953196.5,2164565.14
165.78,954493.0,2174067.56
165.79,955789.5,2183569.98
165.8,957086.0,2193072.4
165.81,958382.5,2202574.82
165.82,959679.0,2212077.24
165.83,960975.5,2221579.66
165.84,962272.0,2231082.08
165.85,963568.5,2240584.5
165.86,964865.0,2250086.92
165.87,966161.5,2259589.34
165.88,967458.0,2269091.76
165.89,968754.5,2278594.18
165.9,970051.0,2288096.6
165.91,971347.5,2297599.02
165.92,972644.0,2307101.44
165.93,973940.5,2316603.86
165.94,975237.0,2326106.28
165.95,976533.5,2335608.7
165.96,977830.0,2345111.12
165.97,979126.5,2354613.54
165.98,980423.0,2364115.96
165.99,981719.5,2373618.38
166.0,983016.0,2383120.8
166.01,984370.88,2393279.79
166.02,985725.76,2403438.78
166.03,987080.64,2413597.77
166.04,988435.52,2423756.76
166.05,989790.4,2433915.75
166.06,991145.28,2444074.74
166.07,992500.16,2454233.73
166.08,993855.04,2464392.72
166.09,995209.92,2474551.71
166.1,996564.8,2484710.7
166.11,997919.68,2494869.69
166.12,999274.56,2505028.68
166.13,1000629.44,2515187.67
166.14,1001984.32,2525346.66
166.15,1003339.2,2535505.65
166.16,1004694.08,2545664.64
166.17,1006048.96,2555823.63
166.18,1007403.84,2565982.62
166.19,1008758.72,2576141.61
166.2,1010113.6,2586300.6
166.21,1011468.48,2596459.59
166.22,1012823.36,2606618.58
166.23,1014178.24,2616777.57000001
166.24,1015533.12,2626936.56000001
166.25,1016888.0,2637095.55000001
166.26,1018242.88,2647254.54000001
166.27,1019597.76,2657413.53000001
166.28,1020952.64,2667572.52000001
166.29,1022307.52,2677731.51000001
166.3,1023662.4,2687890.50000001
166.31,1025017.28,2698049.49000001
166.32,1026372.16,2708208.48000001
166.33,1027727.04,2718367.47000001
166.34,1029081.92,2728526.46000001
166.35,1030436.8,2738685.45000001
166.36,1031791.68,2748844.44000001
166.37,1033146.56,2759003.43000001
166.38,1034501.44,2769162.42000001
166.39,1035856.32,2779321.41000001
166.4,1037211.2,2789480.40000001
166.41,1038566.08,2799639.39000001
166.42,1039920.96,2809798.38000001
166.43,1041275.84,2819957.37000001
166.44,1042630.72,2830116.36000001
166.45,1043985.6,2840275.35000001
166.46,1045340.48,2850434.34000001
166.47,1046695.36,2860593.33000001
166.48,1048050.24,2870752.32000001
166.49,1049405.12,2880911.31000001
166.5,1050760.0,2891070.3
166.51,1052158.3,2901901.518
166.52,1053556.6,2912732.736
166.53,1054954.9,2923563.954
166.54,1056353.2,2934395.172
166.55,1057751.5,2945226.39
166.56,1059149.8,2956057.608
166.57,1060548.1,2966888.826
166.58,1061946.4,2977720.044
166.59,1063344.7,2988551.262
166.6,1064743.0,2999382.48
166.61,1066141.3,3010213.698
166.62,1067539.6,3021044.916
166.63,1068937.9,3031876.134
166.64,1070336.2,3042707.352
166.65,1071734.5,3053538.57
166.66,1073132.8,3064369.788
166.67,1074531.1,3075201.006
166.68,1075929.4,3086032.224
166.69,1077327.7,3096863.442
166.7,1078726.0,3107694.66
166.71,1080124.3,3118525.878
166.72,1081522.6,3129357.096
166.73,1082920.9,3140188.314
166.74,1084319.2,3151019.532
166.75,1085717.5,3161850.75
166.76,1087115.8,3172681.968
166.77,1088514.1,3183513.186
166.78,1089912.4,3194344.404
166.79,1091310.7,3205175.622
166.8,1092709.0,3216006.84
166.81,1094107.3,3226838.058
166.82,1095505.6,3237669.276
166.83,1096903.9,3248500.494
166.84,1098302.2,3259331.712
166.85,1099700.5,3270162.93
166.86,1101098.8,3280994.148
166.87,1102497.1,3291825.366
166.88,1103895.4,3302656.584
166.89,1105293.7,3313487.802
166.9,1106692.0,3324319.02
166.91,1108090.3,3335150.238
166.92,1109488.6,3345981.45599999
166.93,1110886.9,3356812.67399999
166.94,1112285.2,3367643.89199999
166.95,1113683.5,3378475.10999999
166.96,1115081.8,3389306.32799999
166.97,1116480.1,3400137.54599999
166.98,1117878.4,3410968.76399999
166.99,1119276.7,3421799.98199999
167.0,1120675.0,3432631.2
167.01,1122193.24,3444207.662
167.02,1123711.48,3455784.124
167.03,1125229.72,3467360.586
167.04,1126747.96,3478937.048
167.05,1128266.2,3490513.51
167.06,1129784.44,3502089.972
167.07,1131302.68,3513666.434
167.08,1132820.92,3525242.896
167.09,1134339.16,3536819.358
167.1,1135857.4,3548395.82
167.11,1137375.64,3559972.282
167.12,1138893.88,3571548.744
167.13,1140412.12,3583125.206
167.14,1141930.36,3594701.668
167.15,1143448.6,3606278.13
167.16,1144966.84,3617854.592
167.17,1146485.08,3629431.054
167.18,1148003.32,3641007.516
167.19,1149521.56,3652583.978
167.2,1151039.8,3664160.44
167.21,1152558.04,3675736.902
167.22,1154076.28,3687313.364
167.23,1155594.52,3698889.826
167.24,1157112.76,3710466.288
167.25,1158631.0,3722042.75
167.26,1160149.24,3733619.212
167.27,1161667.48,3745195.674
167.28,1163185.72,3756772.136
167.29,1164703.96,3768348.598
167.3,1166222.2,3779925.06
167.31,1167740.44,3791501.52199999
167.32,1169258.68,3803077.98399999
167.33,1170776.92,3814654.44599999
167.34,1172295.16,3826230.90799999
167.35,1173813.4,3837807.36999999
167.36,1175331.64,3849383.83199999
167.37,1176849.88,3860960.29399999
167.38,1178368.12,3872536.75599999
167.39,1179886.36,3884113.21799999
167.4,1181404.6,3895689.67999999
167.41,1182922.84,3907266.14199999
167.42,1184441.08,3918842.60399999
167.43,1185959.32,3930419.06599999
167.44,1187477.56,3941995.52799999
167.45,1188995.8,3953571.98999999
167.46,1190514.04,3965148.45199999
167.47,1192032.28,3976724.91399999
167.48,1193550.52,3988301.37599999
167.49,1195068.76,3999877.83799999
167.5,1196587.0,4011454.3
167.51,1197984.64,4023756.122
167.52,1199382.28,4036057.944
167.53,1200779.92,4048359.766
167.54,1202177.56,4060661.588
167.55,1203575.2,4072963.41
167.56,1204972.84,4085265.232
167.57,1206370.48,4097567.054
167.58,1207768.12,4109868.876
167.59,1209165.76,4122170.698
167.6,1210563.4,4134472.52
167.61,1211961.04,4146774.342
167.62,1213358.68,4159076.164
167.63,1214756.32,4171377.986
167.64,1216153.96,4183679.808
167.65,1217551.6,4195981.63
167.66,1218949.24,4208283.452
167.67,1220346.88,4220585.274
167.68,1221744.52,4232887.096
167.69,1223142.16,4245188.918
167.7,1224539.8,4257490.74
167.71,1225937.44,4269792.562
167.72,1227335.08,4282094.384
167.73,1228732.72,4294396.206
167.74,1230130.36,4306698.028
167.75,1231528.0,4318999.85
167.76,1232925.64,4331301.672
167.77,1234323.28,4343603.494
167.78,1235720.92,4355905.316
167.79,1237118.56,4368207.138
167.8,1238516.2,4380508.96
167.81,1239913.84,4392810.782
167.82,1241311.48,4405112.604
167.83,1242709.12,4417414.426
167.84,1244106.76,4429716.248
167.85,1245504.4,4442018.07
167.86,1246902.04,4454319.892
167.87,1248299.68,4466621.714
167.88,1249697.32,4478923.536
167.89,1251094.96,4491225.35799999
167.9,1252492.6,4503527.17999999
167.91,1253890.24,4515829.00199999
167.92,1255287.88,4528130.82399999
167.93,1256685.52,4540432.64599999
167.94,1258083.16,4552734.46799999
167.95,1259480.8,4565036.28999999
167.96,1260878.44,4577338.11199999
167.97,1262276.08,4589639.93399999
167.98,1263673.72,4601941.75599999
167.99,1265071.36,4614243.57799999
168.0,1266469.0,4626545.4
168.01,1267730.36,4639505.39
168.02,1268991.72,4652465.38
168.03,1270253.08,4665425.37
168.04,1271514.44,4678385.36
168.05,1272775.8,4691345.35
168.06,1274037.16,4704305.34
168.07,1275298.52,4717265.33
168.08,1276559.88,4730225.32
168.09,1277821.24,4743185.31
168.1,1279082.6,4756145.3
168.11,1280343.96,4769105.29
168.12,1281605.32,4782065.28
168.13,1282866.68,4795025.27
168.14,1284128.04,4807985.26
168.15,1285389.4,4820945.25
168.16,1286650.76,4833905.24
168.17,1287912.12,4846865.23
168.18,1289173.48,4859825.22
168.19,1290434.84,4872785.21000001
168.2,1291696.2,4885745.20000001
168.21,1292957.56,4898705.19000001
168.22,1294218.92,4911665.18000001
168.23,1295480.28,4924625.17000001
168.24,1296741.64,4937585.16000001
168.25,1298003.0,4950545.15000001
168.26,1299264.36,4963505.14000001
168.27,1300525.72,4976465.13000001
168.28,1301787.08,4989425.12000001
168.29,1303048.44,5002385.11000001
168.3,1304309.8,5015345.10000001
168.31,1305571.16,5028305.09000001
168.32,1306832.52,5041265.08000001
168.33,1308093.88,5054225.07000001
168.34,1309355.24,5067185.06000001
168.35,1310616.6,5080145.05000001
168.36,1311877.96,5093105.04000001
168.37,1313139.32,5106065.03000001
168.38,1314400.68,5119025.02000001
168.39,1315662.04,5131985.01000001
168.4,1316923.4,5144945.00000001
168.41,1318184.76,5157904.99000001
168.42,1319446.12,5170864.98000001
168.43,1320707.48,5183824.97000001
168.44,1321968.84,5196784.96000001
168.45,1323230.2,5209744.95000001
168.46,1324491.56,5222704.94000001
168.47,1325752.92,5235664.93000001
168.48,1327014.28000001,5248624.92000001
168.49,1328275.64000001,5261584.91000001
168.5,1329537.0,5274544.9
168.51,1330910.34,5288152.172
168.52,1332283.68,5301759.444
168.53,1333657.02,5315366.716
168.54,1335030.36,5328973.988
168.55,1336403.7,5342581.26
168.56,1337777.04,5356188.532
168.57,1339150.38,5369795.804
168.58,1340523.72,5383403.076
168.59,1341897.06,5397010.348
168.6,1343270.4,5410617.62
168.61,1344643.74,5424224.892
168.62,1346017.08,5437832.164
168.63,1347390.42,5451439.436
168.64,1348763.76,5465046.708
168.65,1350137.1,5478653.98
168.66,1351510.44,5492261.252
168.67,1352883.78,5505868.524
168.68,1354257.12,5519475.796
168.69,1355630.46,5533083.068
168.7,1357003.8,5546690.34
168.71,1358377.14,5560297.612
168.72,1359750.48,5573904.884
168.73,1361123.82,5587512.156
168.74,1362497.16,5601119.428
168.75,1363870.5,5614726.7
168.76,1365243.84,5628333.972
168.77,1366617.18,5641941.244
168.78,1367990.52,5655548.516
168.79,1369363.86,5669155.788
168.8,1370737.2,5682763.06
168.81,1372110.54,5696370.332
168.82,1373483.88,5709977.604
168.83,1374857.22,5723584.876
168.84,1376230.56,5737192.148
168.85,1377603.9,5750799.42
168.86,1378977.24,5764406.692
168.87,1380350.58,5778013.964
168.88,1381723.92,5791621.236
168.89,1383097.26,5805228.508
168.9,1384470.6,5818835.78
168.91,1385843.94,5832443.052
168.92,1387217.28,5846050.324
168.93,1388590.62,5859657.596
168.94,1389963.96,5873264.868
168.95,1391337.3,5886872.14
168.96,1392710.64,5900479.412
168.97,1394083.98,5914086.684
168.98,1395457.32,5927693.956
168.99,1396830.66,5941301.22799999
169.0,1398204.0,5954908.5
169.01,1399696.5,5969241.04
169.02,1401189.0,5983573.58
169.03,1402681.5,5997906.12
169.04,1404174.0,6012238.66
169.05,1405666.5,6026571.2
169.06,1407159.0,6040903.74
169.07,1408651.5,6055236.28
169.08,1410144.0,6069568.82
169.09,1411636.5,6083901.36
169.1,1413129.0,6098233.9
169.11,1414621.5,6112566.44
169.12,1416114.0,6126898.98
169.13,1417606.5,6141231.52
169.14,1419099.0,6155564.06
169.15,1420591.5,6169896.6
169.16,1422084.0,6184229.14
169.17,1423576.5,6198561.68
169.18,1425069.0,6212894.22
169.19,1426561.5,6227226.76
169.2,1428054.0,6241559.3
169.21,1429546.5,6255891.84
169.22,1431039.0,6270224.38
169.23,1432531.5,6284556.92
169.24,1434024.0,6298889.46
169.25,1435516.5,6313222.0
169.26,1437009.0,6327554.54
169.27,1438501.5,6341887.08
169.28,1439994.0,6356219.62
169.29,1441486.5,6370552.16
169.3,1442979.0,6384884.7
169.31,1444471.5,6399217.24
169.32,1445964.0,6413549.78
169.33,1447456.5,6427882.32
169.34,1448949.0,6442214.86
169.35,1450441.5,6456547.4
169.36,1451934.0,6470879.94
169.37,1453426.5,6485212.48
169.38,1454919.0,6499545.02
169.39,1456411.5,6513877.56
169.4,1457904.0,6528210.1
169.41,1459396.5,6542542.64
169.42,1460889.0,6556875.18
169.43,1462381.5,6571207.72
169.44,1463874.0,6585540.26
169.45,1465366.5,6599872.8
169.46,1466859.0,6614205.34
169.47,1468351.5,6628537.88
169.48,1469844.0,6642870.42
169.49,1471336.5,6657202.96
169.5,1472829.0,6671535.5
169.51,1474311.94,6686615.55
169.52,1475794.88,6701695.6
169.53,1477277.82,6716775.65
169.54,1478760.76,6731855.7
169.55,1480243.7,6746935.75
169.56,1481726.64,6762015.8
169.57,1483209.58,6777095.85
169.58,1484692.52,6792175.9
169.59,1486175.46,6807255.95
169.6,1487658.4,6822336.0
169.61,1489141.34,6837416.05
169.62,1490624.28,6852496.1
169.63,1492107.22,6867576.15
169.64,1493590.16,6882656.2
169.65,1495073.1,6897736.25
169.66,1496556.04,6912816.3
169.67,1498038.98,6927896.35
169.68,1499521.92,6942976.4
169.69,1501004.86,6958056.45
169.7,1502487.8,6973136.5
169.71,1503970.74,6988216.55
169.72,1505453.68,7003296.6
169.73,1506936.62,7018376.65
169.74,1508419.56,7033456.7
169.75,1509902.5,7048536.75
169.76,1511385.44,7063616.8
169.77,1512868.38,7078696.85
169.78,1514351.32,7093776.9
169.79,1515834.26,7108856.95
169.8,1517317.2,7123936.99999999
169.81,1518800.14,7139017.04999999
169.82,1520283.08,7154097.09999999
169.83,1521766.02,7169177.14999999
169.84,1523248.96,7184257.19999999
169.85,1524731.9,7199337.24999999
169.86,1526214.84,7214417.29999999
169.87,1527697.78,7229497.34999999
169.88,1529180.72,7244577.39999999
169.89,1530663.66,7259657.44999999
169.9,1532146.6,7274737.49999999
169.91,1533629.54,7289817.54999999
169.92,1535112.48,7304897.59999999
169.93,1536595.42,7319977.64999999
169.94,1538078.36,7335057.69999999
169.95,1539561.3,7350137.74999999
169.96,1541044.24,7365217.79999999
169.97,1542527.18,7380297.84999999
169.98,1544010.12,7395377.89999999
169.99,1545493.06,7410457.94999999
170.0,1546976.0,7425538.0
170.01,1548493.82,7441361.422
170.02,1550011.64,7457184.844
170.03,1551529.46,7473008.266
170.04,1553047.28,7488831.688
170.05,1554565.1,7504655.11
170.06,1556082.92,7520478.532
170.07,1557600.74,7536301.954
170.08,1559118.56,7552125.376
170.09,1560636.38,7567948.798
170.1,1562154.2,7583772.22
170.11,1563672.02,7599595.642
170.12,1565189.84,7615419.064
170.13,1566707.66,7631242.486
170.14,1568225.48,7647065.908
170.15,1569743.3,7662889.33
170.16,1571261.12,7678712.752
170.17,1572778.94,7694536.174
170.18,1574296.76,7710359.59600001
170.19,1575814.58,7726183.01800001
170.2,1577332.4,7742006.44000001
170.21,1578850.22,7757829.86200001
170.22,1580368.04,7773653.28400001
170.23,1581885.86,7789476.70600001
170.24,1583403.68,7805300.12800001
170.25,1584921.5,7821123.55000001
170.26,1586439.32,7836946.97200001
170.27,1587957.14,7852770.39400001
170.28,1589474.96,7868593.81600001
170.29,1590992.78,7884417.23800001
170.3,1592510.6,7900240.66000001
170.31,1594028.42,7916064.08200001
170.32,1595546.24,7931887.50400001
170.33,1597064.06,7947710.92600001
170.34,1598581.88,7963534.34800001
170.35,1600099.7,7979357.77000001
170.36,1601617.52,7995181.19200001
170.37,1603135.34,8011004.61400001
170.38,1604653.16,8026828.03600001
170.39,1606170.98,8042651.45800001
170.4,1607688.8,8058474.88000001
170.41,1609206.62,8074298.30200001
170.42,1610724.44,8090121.72400001
170.43,1612242.26,8105945.14600001
170.44,1613760.08,8121768.56800001
170.45,1615277.9,8137591.99000001
170.46,1616795.72,8153415.41200001
170.47,1618313.54,8169238.83400001
170.48,1619831.36,8185062.25600001
170.49,1621349.18,8200885.67800001
170.5,1622867.0,8216709.1
170.51,1624617.58,8233321.278
170.52,1626368.16,8249933.456
170.53,1628118.74,8266545.634
170.54,1629869.32,8283157.812
170.55,1631619.9,8299769.99
170.56,1633370.48,8316382.168
170.57,1635121.06,8332994.346
170.58,1636871.64,8349606.524
170.59,1638622.22,8366218.702
170.6,1640372.8,8382830.88
170.61,1642123.38,8399443.058
170.62,1643873.96,8416055.236
170.63,1645624.54,8432667.414
170.64,1647375.12,8449279.592
170.65,1649125.7,8465891.77
170.66,1650876.28,8482503.948
170.67,1652626.86,8499116.126
170.68,1654377.44,8515728.304
170.69,1656128.02,8532340.482
170.7,1657878.6,8548952.66
170.71,1659629.18,8565564.838
170.72,1661379.76,8582177.016
170.73,1663130.34,8598789.194
170.74,1664880.92,8615401.37199999
170.75,1666631.5,8632013.54999999
170.76,1668382.08,8648625.72799999
170.77,1670132.66,8665237.90599999
170.78,1671883.24,8681850.08399999
170.79,1673633.82,8698462.26199999
170.8,1675384.4,8715074.43999999
170.81,1677134.98,8731686.61799999
170.82,1678885.56,8748298.79599999
170.83,1680636.14,8764910.97399999
170.84,1682386.72,8781523.15199999
170.85,1684137.3,8798135.32999999
170.86,1685887.88,8814747.50799999
170.87,1687638.46,8831359.68599999
170.88,1689389.04,8847971.86399999
170.89,1691139.62,8864584.04199999
170.9,1692890.2,8881196.21999998
170.91,1694640.78,8897808.39799998
170.92,1696391.36,8914420.57599998
170.93,1698141.94,8931032.75399998
170.94,1699892.52,8947644.93199998
170.95,1701643.1,8964257.10999998
170.96,1703393.68,8980869.28799998
170.97,1705144.26,8997481.46599998
170.98,1706894.84,9014093.64399998
170.99,1708645.42,9030705.82199998
171.0,1710396.0,9047318.0
171.01,1711989.94,9064792.712
171.02,1713583.88,9082267.424
171.03,1715177.82,9099742.136
171.04,1716771.76,9117216.848
171.05,1718365.7,9134691.56
171.06,1719959.64,9152166.272
171.07,1721553.58,9169640.984
171.08,1723147.52,9187115.696
171.09,1724741.46,9204590.40799999
171.1,1726335.4,9222065.11999999
171.11,1727929.34,9239539.83199999
171.12,1729523.28,9257014.54399999
171.13,1731117.22,9274489.25599999
171.14,1732711.16,9291963.96799999
171.15,1734305.1,9309438.67999999
171.16,1735899.04,9326913.39199999
171.17,1737492.98,9344388.10399999
171.18,1739086.92,9361862.81599999
171.19,1740680.86,9379337.52799999
171.2,1742274.8,9396812.23999999
171.21,1743868.74,9414286.95199999
171.22,1745462.68,9431761.66399999
171.23,1747056.62,9449236.37599999
171.24,1748650.56,9466711.08799999
171.25,1750244.5,9484185.79999998
171.26,1751838.44,9501660.51199998
171.27,1753432.38,9519135.22399998
171.28,1755026.32,9536609.93599998
171.29,1756620.26,9554084.64799998
171.3,1758214.2,9571559.35999998
171.31,1759808.14,9589034.07199998
171.32,1761402.08,9606508.78399998
171.33,1762996.02,9623983.49599998
171.34,1764589.96,9641458.20799998
171.35,1766183.9,9658932.91999998
171.36,1767777.84,9676407.63199998
171.37,1769371.78,9693882.34399998
171.38,1770965.72,9711357.05599998
171.39,1772559.66,9728831.76799998
171.4,1774153.6,9746306.47999997
171.41,1775747.54,9763781.19199997
171.42,1777341.48,9781255.90399997
171.43,1778935.42,9798730.61599997
171.44,1780529.36,9816205.32799997
171.45,1782123.3,9833680.03999997
171.46,1783717.24,9851154.75199997
171.47,1785311.18,9868629.46399997
171.48,1786905.12,9886104.17599997
171.49,1788499.06,9903578.88799997
171.5,1790093.0,9921053.6
171.51,1791612.74,9939300.588
171.52,1793132.48,9957547.576
171.53,1794652.22,9975794.564
171.54,1796171.96,9994041.552
171.55,1797691.7,10012288.54
171.56,1799211.44,10030535.528
171.57,1800731.18,10048782.516
171.58,1802250.92,10067029.504
171.59,1803770.66,10085276.492
171.6,1805290.4,10103523.48
171.61,1806810.14,10121770.468
171.62,1808329.88,10140017.456
171.63,1809849.62,10158264.444
171.64,1811369.36,10176511.432
171.65,1812889.1,10194758.42
171.66,1814408.84,10213005.408
171.67,1815928.58,10231252.396
171.68,1817448.32,10249499.384
171.69,1818968.06,10267746.372
171.7,1820487.8,10285993.36
171.71,1822007.54,10304240.348
171.72,1823527.28,10322487.336
171.73,1825047.02,10340734.324
171.74,1826566.76,10358981.312
171.75,1828086.5,10377228.3
171.76,1829606.24,10395475.288
171.77,1831125.98,10413722.276
171.78,1832645.72,10431969.264
171.79,1834165.46,10450216.252
171.8,1835685.2,10468463.24
171.81,1837204.94,10486710.228
171.82,1838724.68,10504957.216
171.83,1840244.42,10523204.204
171.84,1841764.16,10541451.192
171.85,1843283.9,10559698.18
171.86,1844803.64,10577945.168
171.87,1846323.38,10596192.156
171.88,1847843.12,10614439.144
171.89,1849362.86,10632686.132
171.9,1850882.6,10650933.12
171.91,1852402.34,10669180.108
171.92,1853922.08,10687427.096
171.93,1855441.82,10705674.084
171.94,1856961.56,10723921.072
171.95,1858481.3,10742168.06
171.96,1860001.04,10760415.048
171.97,1861520.78,10778662.036
171.98,1863040.52,10796909.024
171.99,1864560.26,10815156.012
172.0,1866080.0,10833403.0
172.01,1867886.68,10852436.68
172.02,1869693.36,10871470.36
172.03,1871500.04,10890504.04
172.04,1873306.72,10909537.72
172.05,1875113.4,10928571.4
172.06,1876920.08,10947605.08
172.07,1878726.76,10966638.76
172.08,1880533.44,10985672.44
172.09,1882340.12,11004706.12
172.1,1884146.8,11023739.8
172.11,1885953.48,11042773.48
172.12,1887760.16,11061807.16
172.13,1889566.84,11080840.84
172.14,1891373.52,11099874.52
172.15,1893180.2,11118908.2
172.16,1894986.88,11137941.88
172.17,1896793.56,11156975.56
172.18,1898600.24,11176009.24
172.19,1900406.92,11195042.92
172.2,1902213.6,11214076.6
172.21,1904020.28,11233110.28
172.22,1905826.96,11252143.96
172.23,1907633.64,11271177.64
172.24,1909440.32,11290211.32
172.25,1911247.0,11309245.0
172.26,1913053.68,11328278.68
172.27,1914860.36,11347312.36
172.28,1916667.04,11366346.04
172.29,1918473.72,11385379.72
172.3,1920280.4,11404413.4
172.31,1922087.08,11423447.08
172.32,1923893.76,11442480.76
172.33,1925700.44,11461514.44
172.34,1927507.12,11480548.12
172.35,1929313.8,11499581.8
172.36,1931120.48,11518615.48
172.37,1932927.16,11537649.16
172.38,1934733.84,11556682.84
172.39,1936540.52,11575716.52
172.4,1938347.2,11594750.2
172.41,1940153.88,11613783.88
172.42,1941960.56,11632817.56
172.43,1943767.24,11651851.24
172.44,1945573.92,11670884.92
172.45,1947380.6,11689918.6
172.46,1949187.28,11708952.28
172.47,1950993.96,11727985.96
172.48,1952800.64,11747019.64
172.49,1954607.32,11766053.32
172.5,1956414.0,11785087.0
172.51,1958467.9,11805094.8
172.52,1960521.8,11825102.6
172.53,1962575.7,11845110.4
172.54,1964629.6,11865118.2
172.55,1966683.5,11885126.0
172.56,1968737.4,11905133.8
172.57,1970791.3,11925141.6
172.58,1972845.2,11945149.4
172.59,1974899.1,11965157.2
172.6,1976953.0,11985165.0
172.61,1979006.9,12005172.8
172.62,1981060.8,12025180.6
172.63,1983114.7,12045188.4
172.64,1985168.6,12065196.2
172.65,1987222.5,12085204.0
172.66,1989276.4,12105211.8
172.67,1991330.3,12125219.6
172.68,1993384.2,12145227.4
172.69,1995438.1,12165235.2
172.7,1997492.0,12185243.0
172.71,1999545.9,12205250.8
172.72,2001599.8,12225258.6
172.73,2003653.7,12245266.4
172.74,2005707.6,12265274.2
172.75,2007761.5,12285282.0
172.76,2009815.4,12305289.8
172.77,2011869.3,12325297.6
172.78,2013923.2,12345305.4
172.79,2015977.1,12365313.2
172.8,2018031.0,12385321.0
172.81,2020084.9,12405328.8
172.82,2022138.8,12425336.6
172.83,2024192.7,12445344.4
172.84,2026246.6,12465352.2
172.85,2028300.5,12485360.0
172.86,2030354.4,12505367.8
172.87,2032408.3,12525375.6
172.88,2034462.2,12545383.4
172.89,2036516.1,12565391.2
172.9,2038570.0,12585399.0
172.91,2040623.9,12605406.8
172.92,2042677.8,12625414.6
172.93,2044731.7,12645422.4
172.94,2046785.6,12665430.2
172.95,2048839.5,12685438.0
172.96,2050893.4,12705445.8
172.97,2052947.3,12725453.6
172.98,2055001.2,12745461.4
172.99,2057055.1,12765469.2
173.0,2059109.0,12785477.0
173.01,2061049.96,12806478.86
173.02,2062990.92,12827480.72
173.03,2064931.88,12848482.58
173.04,2066872.84,12869484.44
173.05,2068813.8,12890486.3
173.06,2070754.76,12911488.16
173.07,2072695.72,12932490.02
173.08,2074636.68,12953491.88
173.09,2076577.64,12974493.74
173.1,2078518.6,12995495.6
173.11,2080459.56,13016497.46
173.12,2082400.52,13037499.32
173.13,2084341.48,13058501.18
173.14,2086282.44,13079503.04
173.15,2088223.4,13100504.9
173.16,2090164.36,13121506.76
173.17,2092105.32,13142508.62
173.18,2094046.28,13163510.48
173.19,2095987.24,13184512.34
173.2,2097928.2,13205514.2
173.21,2099869.16,13226516.06
173.22,2101810.12,13247517.92
173.23,2103751.08,13268519.78
173.24,2105692.04,13289521.64
173.25,2107633.0,13310523.5
173.26,2109573.96,13331525.36
173.27,2111514.92,13352527.22
173.28,2113455.88,13373529.08
173.29,2115396.84,13394530.94
173.3,2117337.8,13415532.8
173.31,2119278.76,13436534.66
173.32,2121219.72,13457536.52
173.33,2123160.68,13478538.38
173.34,2125101.64,13499540.24
173.35,2127042.6,13520542.1
173.36,2128983.56,13541543.96
173.37,2130924.52,13562545.82
173.38,2132865.48,13583547.68
173.39,2134806.44,13604549.54
173.4,2136747.4,13625551.4
173.41,2138688.36,13646553.26
173.42,2140629.32,13667555.12
173.43,2142570.28,13688556.98
173.44,2144511.24,13709558.84
173.45,2146452.2,13730560.7
173.46,2148393.16,13751562.56
173.47,2150334.12,13772564.42
173.48,2152275.08,13793566.28
173.49,2154216.04,13814568.14
173.5,2156157.0,13835570.0
173.51,2158231.32,13857575.92
173.52,2160305.64,13879581.84
173.53,2162379.96,13901587.76
173.54,2164454.28,13923593.68
173.55,2166528.6,13945599.6
173.56,2168602.92,13967605.52
173.57,2170677.24,13989611.44
173.58,2172751.56,14011617.36
173.59,2174825.88,14033623.28
173.6,2176900.2,14055629.2
173.61,2178974.52,14077635.12
173.62,2181048.84,14099641.04
173.63,2183123.16,14121646.96
173.64,2185197.48,14143652.88
173.65,2187271.8,14165658.8
173.66,2189346.12,14187664.72
173.67,2191420.44,14209670.64
173.68,2193494.76,14231676.56
173.69,2195569.08,14253682.48
173.7,2197643.4,14275688.4
173.71,2199717.72,14297694.32
173.72,2201792.04,14319700.24
173.73,2203866.36,14341706.16
173.74,2205940.68,14363712.08
173.75,2208015.0,14385718.0
173.76,2210089.32,14407723.92
173.77,2212163.64,14429729.84
173.78,2214237.96,14451735.76
173.79,2216312.28,14473741.68
173.8,2218386.6,14495747.6
173.81,2220460.92,14517753.52
173.82,2222535.23999999,14539759.44
173.83,2224609.55999999,14561765.36
173.84,2226683.87999999,14583771.28
173.85,2228758.19999999,14605777.2
173.86,2230832.51999999,14627783.12
173.87,2232906.83999999,14649789.04
173.88,2234981.15999999,14671794.96
173.89,2237055.47999999,14693800.88
173.9,2239129.79999999,14715806.8
173.91,2241204.11999999,14737812.72
173.92,2243278.43999999,14759818.64
173.93,2245352.75999999,14781824.56
173.94,2247427.07999999,14803830.48
173.95,2249501.39999999,14825836.4
173.96,2251575.71999999,14847842.32
173.97,2253650.03999999,14869848.24
173.98,2255724.35999999,14891854.16
173.99,2257798.67999999,14913860.08
174.0,2259873.0,14935866.0
174.01,2261884.72,14958871.72
174.02,2263896.44,14981877.44
174.03,2265908.16,15004883.16
174.04,2267919.88,15027888.88
174.05,2269931.6,15050894.6
174.06,2271943.32,15073900.32
174.07,2273955.04,15096906.04
174.08,2275966.76,15119911.76
174.09,2277978.48,15142917.48
174.1,2279990.2,15165923.2
174.11,2282001.92,15188928.92
174.12,2284013.64,15211934.64
174.13,2286025.36,15234940.36
174.14,2288037.08,15257946.08
174.15,2290048.8,15280951.8
174.16,2292060.52,15303957.52
174.17,2294072.24,15326963.24
174.18,2296083.96,15349968.96
174.19,2298095.68,15372974.68
174.2,2300107.4,15395980.4
174.21,2302119.12,15418986.12
174.22,2304130.84,15441991.84
174.23,2306142.56,15464997.56
174.24,2308154.28000001,15488003.28
174.25,2310166.00000001,15511009.0
174.26,2312177.72000001,15534014.72
174.27,2314189.44000001,15557020.44
174.28,2316201.16000001,15580026.16
174.29,2318212.88000001,15603031.88
174.3,2320224.60000001,15626037.6
174.31,2322236.32000001,15649043.32
174.32,2324248.04000001,15672049.04
174.33,2326259.76000001,15695054.76
174.34,2328271.48000001,15718060.48
174.35,2330283.20000001,15741066.2
174.36,2332294.92000001,15764071.92
174.37,2334306.64000001,15787077.64
174.38,2336318.36000001,15810083.36
174.39,2338330.08000001,15833089.08
174.4,2340341.80000001,15856094.8
174.41,2342353.52000001,15879100.52
174.42,2344365.24000001,15902106.24
174.43,2346376.96000001,15925111.96
174.44,2348388.68000001,15948117.68
174.45,2350400.40000001,15971123.4
174.46,2352412.12000001,15994129.12
174.47,2354423.84000001,16017134.84
174.48,2356435.56000001,16040140.56
174.49,2358447.28000001,16063146.28
174.5,2360459.0,16086152.0
174.51,2362715.38,16110197.66
174.52,2364971.76,16134243.32
174.53,2367228.14,16158288.98
174.54,2369484.52,16182334.64
174.55,2371740.9,16206380.3
174.56,2373997.28,16230425.96
174.57,2376253.66,16254471.62
174.58,2378510.04,16278517.28
174.59,2380766.42,16302562.94
174.6,2383022.8,16326608.6
174.61,2385279.18,16350654.26
174.62,2387535.56,16374699.92
174.63,2389791.94,16398745.58
174.64,2392048.32,16422791.24
174.65,2394304.7,16446836.9
174.66,2396561.08,16470882.56
174.67,2398817.46,16494928.22
174.68,2401073.84,16518973.88
174.69,2403330.22,16543019.54
174.7,2405586.6,16567065.2
174.71,2407842.98,16591110.86
174.72,2410099.36,16615156.52
174.73,2412355.74,16639202.18
174.74,2414612.12,16663247.84
174.75,2416868.5,16687293.5
174.76,2419124.88,16711339.16
174.77,2421381.26,16735384.82
174.78,2423637.64,16759430.48
174.79,2425894.02,16783476.14
174.8,2428150.4,16807521.8
174.81,2430406.78,16831567.46
174.82,2432663.16,16855613.12
174.83,2434919.54,16879658.78
174.84,2437175.92,16903704.44
174.85,2439432.3,16927750.1
174.86,2441688.68,16951795.76
174.87,2443945.06,16975841.42
174.88,2446201.44,16999887.08
174.89,2448457.82,17023932.74
174.9,2450714.2,17047978.4
174.91,2452970.58,17072024.06
174.92,2455226.96,17096069.72
174.93,2457483.34,17120115.38
174.94,2459739.72,17144161.04
174.95,2461996.1,17168206.7
174.96,2464252.48,17192252.36
174.97,2466508.85999999,17216298.02
174.98,2468765.23999999,17240343.68
174.99,2471021.61999999,17264389.34
175.0,2473278.0,17288435.0
175.01,2475238.4,17313525.14
175.02,2477198.8,17338615.28
175.03,2479159.2,17363705.42
175.04,2481119.6,17388795.56
175.05,2483080.0,17413885.7
175.06,2485040.4,17438975.84
175.07,2487000.8,17464065.98
175.08,2488961.2,17489156.12
175.09,2490921.6,17514246.26
175.1,2492882.0,17539336.4
175.11,2494842.4,17564426.54
175.12,2496802.8,17589516.68
175.13,2498763.2,17614606.82
175.14,2500723.6,17639696.96
175.15,2502684.0,17664787.1
175.16,2504644.4,17689877.24
175.17,2506604.8,17714967.38
175.18,2508565.2,17740057.52
175.19,2510525.6,17765147.66
175.2,2512486.0,17790237.8
175.21,2514446.4,17815327.94
175.22,2516406.8,17840418.08
175.23,2518367.2,17865508.22
175.24,2520327.6,17890598.36
175.25,2522288.0,17915688.5
175.26,2524248.4,17940778.64
175.27,2526208.8,17965868.78
175.28,2528169.2,17990958.92
175.29,2530129.6,18016049.06
175.3,2532090.0,18041139.2
175.31,2534050.4,18066229.34
175.32,2536010.8,18091319.48
175.33,2537971.2,18116409.62
175.34,2539931.6,18141499.76
175.35,2541892.0,18166589.9
175.36,2543852.4,18191680.04
175.37,2545812.8,18216770.18
175.38,2547773.2,18241860.32
175.39,2549733.6,18266950.46
175.4,2551694.0,18292040.6
175.41,2553654.4,18317130.74
175.42,2555614.8,18342220.88
175.43,2557575.2,18367311.02
175.44,2559535.6,18392401.16
175.45,2561496.0,18417491.3
175.46,2563456.4,18442581.44
175.47,2565416.8,18467671.58
175.48,2567377.2,18492761.72
175.49,2569337.6,18517851.86
175.5,2571298.0,18542942.0
175.51,2573169.04,18568952.9
175.52,2575040.08,18594963.8
175.53,2576911.12,18620974.7
175.54,2578782.16,18646985.6
175.55,2580653.2,18672996.5
175.56,2582524.24,18699007.4
175.57,2584395.28,18725018.3
175.58,2586266.32,18751029.2
175.59,2588137.36,18777040.1
175.6,2590008.4,18803051.0
175.61,2591879.44,18829061.9
175.62,2593750.48,18855072.8
175.63,2595621.52,18881083.7
175.64,2597492.56,18907094.6
175.65,2599363.6,18933105.5
175.66,2601234.64,18959116.4
175.67,2603105.68,18985127.3
175.68,2604976.72,19011138.2
175.69,2606847.76,19037149.1
175.7,2608718.8,19063160.0
175.71,2610589.84,19089170.9
175.72,2612460.88,19115181.8
175.73,2614331.92,19141192.7
175.74,2616202.96,19167203.6
175.75,2618074.0,19193214.5
175.76,2619945.04,19219225.4
175.77,2621816.08,19245236.3
175.78,2623687.12,19271247.2
175.79,2625558.16,19297258.1
175.8,2627429.2,19323269.0
175.81,2629300.24,19349279.9
175.82,2631171.28,19375290.8
175.83,2633042.32,19401301.7
175.84,2634913.36,19427312.6
175.85,2636784.4,19453323.4999999
175.86,2638655.44,19479334.3999999
175.87,2640526.48,19505345.2999999
175.88,2642397.52,19531356.1999999
175.89,2644268.56,19557367.0999999
175.9,2646139.6,19583377.9999999
175.91,2648010.64,19609388.8999999
175.92,2649881.68,19635399.7999999
175.93,2651752.72,19661410.6999999
175.94,2653623.76,19687421.5999999
175.95,2655494.8,19713432.4999999
175.96,2657365.84,19739443.3999999
175.97,2659236.88,19765454.2999999
175.98,2661107.92,19791465.1999999
175.99,2662978.96,19817476.0999999
176.0,2664850.0,19843487.0
176.01,2666824.52,19870502.42
176.02,2668799.04,19897517.84
176.03,2670773.56,19924533.26
176.04,2672748.08,19951548.68
176.05,2674722.6,19978564.1
176.06,2676697.12,20005579.52
176.07,2678671.64,20032594.94
176.08,2680646.16,20059610.36
176.09,2682620.68,20086625.78
176.1,2684595.2,20113641.2
176.11,2686569.72,20140656.62
176.12,2688544.24,20167672.04
176.13,2690518.76,20194687.46
176.14,2692493.28,20221702.88
176.15,2694467.8,20248718.3
176.16,2696442.32,20275733.72
176.17,2698416.84,20302749.14
176.18,2700391.36,20329764.56
176.19,2702365.88,20356779.98
176.2,2704340.4,20383795.4
176.21,2706314.92,20410810.82
176.22,2708289.44,20437826.24
176.23,2710263.96,20464841.66
176.24,2712238.48,20491857.08
176.25,2714213.0,20518872.5
176.26,2716187.52,20545887.92
176.27,2718162.04,20572903.3400001
176.28,2720136.56,20599918.7600001
176.29,2722111.08,20626934.1800001
176.3,2724085.6,20653949.6000001
176.31,2726060.12,20680965.0200001
176.32,2728034.64,20707980.4400001
176.33,2730009.16,20734995.8600001
176.34,2731983.68,20762011.2800001
176.35,2733958.2,20789026.7000001
176.36,2735932.72,20816042.1200001
176.37,2737907.24,20843057.5400001
176.38,2739881.76,20870072.9600001
176.39,2741856.28,20897088.3800001
176.4,2743830.8,20924103.8000001
176.41,2745805.32,20951119.2200001
176.42,2747779.84,20978134.6400001
176.43,2749754.36,21005150.0600001
176.44,2751728.88,21032165.4800001
176.45,2753703.4,21059180.9000001
176.46,2755677.92,21086196.3200001
176.47,2757652.44,21113211.7400001
176.48,2759626.96,21140227.1600001
176.49,2761601.48,21167242.5800001
176.5,2763576.0,21194258.0
176.51,2765513.78,21222255.96
176.52,2767451.56,21250253.92
176.53,2769389.34,21278251.88
176.54,2771327.12,21306249.84
176.55,2773264.9,21334247.8
176.56,2775202.68,21362245.76
176.57,2777140.46,21390243.72
176.58,2779078.24,21418241.68
176.59,2781016.02,21446239.64
176.6,2782953.8,21474237.6
176.61,2784891.58,21502235.56
176.62,2786829.36,21530233.52
176.63,2788767.14,21558231.48
176.64,2790704.92,21586229.44
176.65,2792642.7,21614227.4
176.66,2794580.48,21642225.36
176.67,2796518.26,21670223.32
176.68,2798456.04,21698221.28
176.69,2800393.82,21726219.24
176.7,2802331.6,21754217.2
176.71,2804269.38,21782215.16
176.72,2806207.16,21810213.12
176.73,2808144.94,21838211.08
176.74,2810082.72,21866209.04
176.75,2812020.5,21894207.0
176.76,2813958.27999999,21922204.96
176.77,2815896.05999999,21950202.92
176.78,2817833.83999999,21978200.88
176.79,2819771.61999999,22006198.84
176.8,2821709.39999999,22034196.8
176.81,2823647.17999999,22062194.76
176.82,2825584.95999999,22090192.72
176.83,2827522.73999999,22118190.68
176.84,2829460.51999999,22146188.64
176.85,2831398.29999999,22174186.6
176.86,2833336.07999999,22202184.56
176.87,2835273.85999999,22230182.52
176.88,2837211.63999999,22258180.48
176.89,2839149.41999999,22286178.44
176.9,2841087.19999999,22314176.4
176.91,2843024.97999999,22342174.36
176.92,2844962.75999999,22370172.32
176.93,2846900.53999999,22398170.28
176.94,2848838.31999999,22426168.24
176.95,2850776.09999999,22454166.2
176.96,2852713.87999999,22482164.16
176.97,2854651.65999999,22510162.12
176.98,2856589.43999999,22538160.08
176.99,2858527.21999999,22566158.04
177.0,2860465.0,22594156.0
177.01,2862343.02,22623116.2
177.02,2864221.04,22652076.4
177.03,2866099.06,22681036.6
177.04,2867977.08,22709996.8
177.05,2869855.1,22738957.0
177.06,2871733.12,22767917.2
177.07,2873611.14,22796877.4
177.08,2875489.16,22825837.6
177.09,2877367.18,22854797.8
177.1,2879245.2,22883758.0
177.11,2881123.22,22912718.2
177.12,2883001.24,22941678.4
177.13,2884879.26,22970638.6
177.14,2886757.28,22999598.8
177.15,2888635.3,23028559.0
177.16,2890513.32,23057519.2
177.17,2892391.34,23086479.4
177.18,2894269.36,23115439.6
177.19,2896147.38,23144399.8
177.2,2898025.4,23173360.0
177.21,2899903.42,23202320.2
177.22,2901781.44,23231280.4
177.23,2903659.46,23260240.6
177.24,2905537.48,23289200.8
177.25,2907415.5,23318161.0
177.26,2909293.52,23347121.2
177.27,2911171.54,23376081.4
177.28,2913049.56,23405041.6
177.29,2914927.58,23434001.8
177.3,2916805.6,23462962.0
177.31,2918683.62,23491922.2
177.32,2920561.64,23520882.4
177.33,2922439.66,23549842.6
177.34,2924317.68,23578802.8
177.35,2926195.7,23607763.0
177.36,2928073.72,23636723.2
177.37,2929951.74,23665683.4
177.38,2931829.76,23694643.6
177.39,2933707.78,23723603.8
177.4,2935585.8,23752564.0
177.41,2937463.82,23781524.2
177.42,2939341.84,23810484.4
177.43,2941219.86,23839444.6
177.44,2943097.88,23868404.8
177.45,2944975.9,23897365.0
177.46,2946853.92,23926325.2
177.47,2948731.94,23955285.4
177.48,2950609.96,23984245.6
177.49,2952487.98,24013205.8
177.5,2954366.0,24042166.0
177.51,2956275.18,24072015.46
177.52,2958184.36,24101864.92
177.53,2960093.54,24131714.38
177.54,2962002.72,24161563.84
177.55,2963911.9,24191413.3
177.56,2965821.08,24221262.76
177.57,2967730.26,24251112.22
177.58,2969639.44,24280961.68
177.59,2971548.62,24310811.14
177.6,2973457.8,24340660.6
177.61,2975366.98,24370510.06
177.62,2977276.16,24400359.52
177.63,2979185.34,24430208.98
177.64,2981094.52,24460058.44
177.65,2983003.7,24489907.9
177.66,2984912.88,24519757.36
177.67,2986822.06,24549606.82
177.68,2988731.24,24579456.28
177.69,2990640.42,24609305.74
177.7,2992549.6,24639155.2
177.71,2994458.78,24669004.66
177.72,2996367.96,24698854.12
177.73,2998277.14,24728703.58
177.74,3000186.32,24758553.04
177.75,3002095.5,24788402.5
177.76,3004004.68,24818251.96
177.77,3005913.86,24848101.42
177.78,3007823.04,24877950.88
177.79,3009732.22000001,24907800.34
177.8,3011641.40000001,24937649.8
177.81,3013550.58000001,24967499.26
177.82,3015459.76000001,24997348.72
177.83,3017368.94000001,25027198.18
177.84,3019278.12000001,25057047.64
177.85,3021187.30000001,25086897.1
177.86,3023096.48000001,25116746.56
177.87,3025005.66000001,25146596.02
177.88,3026914.84000001,25176445.48
177.89,3028824.02000001,25206294.94
177.9,3030733.20000001,25236144.4
177.91,3032642.38000001,25265993.86
177.92,3034551.56000001,25295843.32
177.93,3036460.74000001,25325692.78
177.94,3038369.92000001,25355542.24
177.95,3040279.10000001,25385391.7
177.96,3042188.28000001,25415241.16
177.97,3044097.46000001,25445090.62
177.98,3046006.64000001,25474940.08
177.99,3047915.82000001,25504789.54
178.0,3049825.0,25534639.0
178.01,3052373.42,25565550.84
178.02,3054921.84,25596462.68
178.03,3057470.26,25627374.52
178.04,3060018.68,25658286.36
178.05,3062567.1,25689198.2
178.06,3065115.52,25720110.04
178.07,3067663.94,25751021.88
178.08,3070212.36,25781933.72
178.09,3072760.78,25812845.56
178.1,3075309.2,25843757.4
178.11,3077857.62,25874669.24
178.12,3080406.04,25905581.08
178.13,3082954.46,25936492.92
178.14,3085502.88,25967404.76
178.15,3088051.3,25998316.6
178.16,3090599.72,26029228.44
178.17,3093148.14,26060140.28
178.18,3095696.56,26091052.12
178.19,3098244.98,26121963.96
178.2,3100793.4,26152875.8
178.21,3103341.82,26183787.64
178.22,3105890.24,26214699.48
178.23,3108438.66,26245611.32
178.24,3110987.08,26276523.16
178.25,3113535.5,26307435.0
178.26,3116083.92,26338346.84
178.27,3118632.34,26369258.68
178.28,3121180.76,26400170.52
178.29,3123729.18,26431082.36
178.3,3126277.6,26461994.2
178.31,3128826.02,26492906.04
178.32,3131374.44,26523817.88
178.33,3133922.86,26554729.72
178.34,3136471.28,26585641.56
178.35,3139019.7,26616553.4
178.36,3141568.12,26647465.24
178.37,3144116.54,26678377.08
178.38,3146664.96,26709288.92
178.39,3149213.38,26740200.76
178.4,3151761.8,26771112.6
178.41,3154310.22,26802024.44
178.42,3156858.64,26832936.28
178.43,3159407.06,26863848.12
178.44,3161955.48,26894759.96
178.45,3164503.9,26925671.8
178.46,3167052.32,26956583.64
178.47,3169600.74,26987495.48
178.48,3172149.16,27018407.32
178.49,3174697.58,27049319.16
178.5,3177246.0,27080231.0
178.51,3179851.82,27112414.5
178.52,3182457.64,27144598.0
178.53,3185063.46,27176781.5
178.54,3187669.28,27208965.0
178.55,3190275.1,27241148.5
178.56,3192880.92,27273332.0
178.57,3195486.74,27305515.5
178.58,3198092.56,27337699.0
178.59,3200698.38,27369882.5
178.6,3203304.2,27402066.0
178.61,3205910.02,27434249.5
178.62,3208515.84,27466433.0
178.63,3211121.66,27498616.5
178.64,3213727.48,27530800.0
178.65,3216333.3,27562983.5
178.66,3218939.12,27595167.0
178.67,3221544.94,27627350.5
178.68,3224150.76,27659534.0
178.69,3226756.58,27691717.5
178.7,3229362.4,27723901.0
178.71,3231968.22,27756084.5
178.72,3234574.04,27788268.0
178.73,3237179.86,27820451.5
178.74,3239785.68,27852635.0
178.75,3242391.5,27884818.5
178.76,3244997.32,27917002.0
178.77,3247603.14,27949185.5
178.78,3250208.96,27981369.0
178.79,3252814.78,28013552.5
178.8,3255420.6,28045736.0
178.81,3258026.42,28077919.5
178.82,3260632.23999999,28110103.0
178.83,3263238.05999999,28142286.5
178.84,3265843.87999999,28174470.0
178.85,3268449.69999999,28206653.5
178.86,3271055.51999999,28238837.0
178.87,3273661.33999999,28271020.5
178.88,3276267.15999999,28303204.0
178.89,3278872.97999999,28335387.5
178.9,3281478.79999999,28367571.0
178.91,3284084.61999999,28399754.5
178.92,3286690.43999999,28431938.0
178.93,3289296.25999999,28464121.5
178.94,3291902.07999999,28496305.0
178.95,3294507.89999999,28528488.5
178.96,3297113.71999999,28560672.0
178.97,3299719.53999999,28592855.5
178.98,3302325.35999999,28625039.0
178.99,3304931.17999999,28657222.5
179.0,3307537.0,28689406.0
179.01,3310283.08,28722860.94
179.02,3313029.16,28756315.88
179.03,3315775.24,28789770.82
179.04,3318521.32,28823225.76
179.05,3321267.4,28856680.7
179.06,3324013.48,28890135.64
179.07,3326759.56,28923590.58
179.08,3329505.64,28957045.52
179.09,3332251.72,28990500.46
179.1,3334997.8,29023955.4
179.11,3337743.88,29057410.34
179.12,3340489.96,29090865.28
179.13,3343236.04,29124320.22
179.14,3345982.12,29157775.16
179.15,3348728.2,29191230.1
179.16,3351474.28,29224685.04
179.17,3354220.36,29258139.98
179.18,3356966.44,29291594.92
179.19,3359712.52,29325049.86
179.2,3362458.6,29358504.8
179.21,3365204.68,29391959.74
179.22,3367950.76,29425414.68
179.23,3370696.84,29458869.62
179.24,3373442.92,29492324.56
179.25,3376189.0,29525779.5
179.26,3378935.08,29559234.44
179.27,3381681.16,29592689.38
179.28,3384427.24,29626144.32
179.29,3387173.32,29659599.26
179.3,3389919.4,29693054.2
179.31,3392665.48,29726509.14
179.32,3395411.56,29759964.08
179.33,3398157.64,29793419.02
179.34,3400903.72,29826873.96
179.35,3403649.8,29860328.9
179.36,3406395.88,29893783.8400001
179.37,3409141.96,29927238.7800001
179.38,3411888.04,29960693.7200001
179.39,3414634.12,29994148.6600001
179.4,3417380.2,30027603.6000001
179.41,3420126.28,30061058.5400001
179.42,3422872.36,30094513.4800001
179.43,3425618.44,30127968.4200001
179.44,3428364.52,30161423.3600001
179.45,3431110.6,30194878.3000001
179.46,3433856.68,30228333.2400001
179.47,3436602.76,30261788.1800001
179.48,3439348.84,30295243.1200001
179.49,3442094.92,30328698.0600001
179.5,3444841.0,30362153.0
179.51,3447560.62,30396875.6
179.52,3450280.24,30431598.2
179.53,3452999.86,30466320.8
179.54,3455719.48,30501043.4
179.55,3458439.1,30535766.0
179.56,3461158.72,30570488.6
179.57,3463878.34,30605211.2
179.58,3466597.96,30639933.8
179.59,3469317.58,30674656.4
179.6,3472037.2,30709379.0
179.61,3474756.82,30744101.6
179.62,3477476.44,30778824.2
179.63,3480196.06,30813546.8
179.64,3482915.68,30848269.4
179.65,3485635.3,30882992.0
179.66,3488354.92,30917714.6
179.67,3491074.54,30952437.2
179.68,3493794.16,30987159.8
179.69,3496513.78,31021882.4
179.7,3499233.4,31056605.0
179.71,3501953.02,31091327.6
179.72,3504672.64,31126050.2
179.73,3507392.26,31160772.8
179.74,3510111.88,31195495.4
179.75,3512831.5,31230218.0
179.76,3515551.12,31264940.6
179.77,3518270.74,31299663.2
179.78,3520990.36,31334385.8
179.79,3523709.98,31369108.4
179.8,3526429.6,31403831.0
179.81,3529149.22,31438553.6
179.82,3531868.84,31473276.2
179.83,3534588.46,31507998.8000001
179.84,3537308.08,31542721.4000001
179.85,3540027.7,31577444.0000001
179.86,3542747.32,31612166.6000001
179.87,3545466.94,31646889.2000001
179.88,3548186.56,31681611.8000001
179.89,3550906.18,31716334.4000001
179.9,3553625.8,31751057.0000001
179.91,3556345.42,31785779.6000001
179.92,3559065.04,31820502.2000001
179.93,3561784.66000001,31855224.8000001
179.94,3564504.28000001,31889947.4000001
179.95,3567223.90000001,31924670.0000001
179.96,3569943.52000001,31959392.6000001
179.97,3572663.14000001,31994115.2000001
179.98,3575382.76000001,32028837.8000001
179.99,3578102.38000001,32063560.4000001
180.0,3580822.0,32098283.0
