reservoir,ap_m,n_a,n_b,band,ref,vol_a_gaugeSWOT,vol_b_FRS,vol_c_ref,b_minus_a,a_minus_c,b_minus_c
Olivo,50.7,10,98,432.1-439.0,updated curve,2.09,2.68,3.45,0.59,-1.36,-0.76
Ancipa,90.5,10,12,920.3-945.2,design curve,12.03,12.82,19.38,0.79,-7.35,-6.56
Nicoletti,119.7,10,50,375.1-379.9,updated curve,3.22,3.55,5.02,0.33,-1.8,-1.46
Castello,126.7,10,49,277.5-292.8,updated curve,13.66,13.63,14.9,-0.03,-1.24,-1.27
Garcia,167.7,10,53,171.0-189.7,updated curve,41.78,42.41,41.09,0.63,0.69,1.32
Arancio,182.2,10,69,167.2-176.4,updated curve,15.23,15.6,17.15,0.37,-1.92,-1.55
Rosamarina,187.4,10,45,140.6-162.1,updated curve,45.92,46.65,49.31,0.72,-3.39,-2.66
Poma,190.1,10,51,176.5-193.2,updated curve,41.8,42.05,46.87,0.25,-5.06,-4.82
Pozzillo,240.5,10,25,342.9-354.9,design curve,44.57,45.91,46.49,1.34,-1.92,-0.58
