GDW_ID,RES_NAME,COUNTRY,YEAR_DAM,area_ha,ap_m,ap_class,LONG_DAM,LAT_DAM,wl_range_m,has_grdl
6961,,Laos,2015,10165.809734286917,496.155427365533,High,0.0,0.0,95.24,True
6909,,Ethiopia,2016,14983.736540603117,366.8483907668662,High,0.0,0.0,66.67,True
311,Tarbela,Pakistan,1976,20893.761057730706,830.6287156235151,High,0.0,0.0,62.12,True
301,,Iraq,1983,34768.2097223232,1461.3949241920348,High,0.0,0.0,39.81,True
205,,Brazil,1982,20666.902780453576,351.98850205564673,High,0.0,0.0,38.48,True
1152,,Brazil,1970,7501.87681376283,351.05583649494076,High,0.0,0.0,35.88,True
1527,,Spain,1989,9335.028707803438,282.4058443345492,High,0.0,0.0,35.23,True
1423,,Spain,1959,1557.154686130148,424.58757177536177,High,0.0,0.0,33.65,True
202,Serra da Mesa Reservoir,Brazil,1998,92468.08584455794,463.6425794627252,High,0.0,0.0,33.29,True
1055,Alvaro Obregon,Mexico,1952,7501.136610701689,515.9840181038301,High,0.0,0.0,28.62,True
2050,,Mozambique,1987,3611.6538384539126,480.94942206785703,High,0.0,0.0,24.85,True
204,,Brazil,1980,33391.9132939588,382.21270068435126,High,0.0,0.0,23.87,True
1550,,Spain,1972,1211.4139761598797,255.4226127881036,High,0.0,0.0,23.01,True
203,Repressa Tres Marias,Brazil,1962,80155.67392586188,468.0839745395958,High,0.0,0.0,22.27,True
727,Seminoe,United States,1938,5733.045053857863,255.72671283201078,High,0.0,0.0,21.81,True
737,Allegheny Reservoir,United States,1965,4149.738912162578,300.3277828657743,High,0.0,0.0,20.24,True
1138,Oros,Brazil,1961,6138.55203321523,252.8142795895825,High,0.0,0.0,19.56,True
1931,,India,1910,3938.8333386227555,390.33696262770457,High,0.0,0.0,19.18,True
26,Tucurui,Brazil,1984,235443.69499870582,385.40299671792883,High,0.0,0.0,18.73,True
184,Falcon Reservoir,Mexico,1953,12105.48734221693,470.0555949876984,High,0.0,0.0,16.76,True
214,Furnas,Brazil,1963,93016.36120200476,376.99238961261,High,0.0,0.0,16.61,True
345,Ujani,India,1981,22038.696464993405,547.4645804960189,High,0.0,0.0,13.57,True
54,Kakhovskoye,Ukraine,1955,209699.7349199025,2125.543113341378,High,0.0,0.0,13.42,True
220,Iepe,Brazil,1976,40808.21639572724,397.5791340461116,High,0.0,0.0,13.17,True
1549,,Spain,1996,1014.5156052765219,320.93938253808136,High,0.0,0.0,12.55,True
948,Hugo Lake,United States,1974,4797.808894800782,524.5064710407653,High,0.0,0.0,12.43,True
1014,,United States,1989,4715.987689911032,379.86980507754834,High,0.0,0.0,11.94,True
299,Ataturk Dam,Turkey,1992,69660.96432998356,470.1441658571826,High,0.0,0.0,11.81,True
211,Peixoto,Brazil,1956,25066.321144568778,317.4416176484396,High,0.0,0.0,11.55,True
208,Agua Vermelha Reservoir,Brazil,1979,50820.55946391705,588.6102562764903,High,0.0,0.0,10.82,True
493,Lake Elwell,United States,1956,6528.301896371905,331.0802775093601,High,0.0,0.0,10.49,True
288,Chardarinskoye,Kazakhstan,1965,74674.6410835094,2042.9480128072953,High,0.0,0.0,10.46,True
142,Harry S. Truman Reservoir,United States,1978,18726.0785509868,254.957534845009,High,0.0,0.0,9.73,True
981,Hubbard Creek Lake,United States,1962,4324.934165362668,384.15771124649655,High,0.0,0.0,9.6,True
228,Barragem Passo Fundo,Brazil,1972,11824.845143117505,255.1386145169449,High,0.0,0.0,9.38,True
945,Broken Bow Lake,United States,1967,5454.334101285313,279.4766992142515,High,0.0,0.0,8.72,True
306,Assad,Syria,1978,63819.43844397275,1541.8933711849793,High,0.0,0.0,8.21,True
991,,United States,1951,1214.6781469742227,446.3158982071866,High,0.0,0.0,8.08,True
119,Canyon Ferry Lake,United States,1953,13874.961638307625,846.9623970382614,High,0.0,0.0,7.78,True
12,Smallwood,Canada,1971,582895.3026819116,615.7758734615549,High,0.0,0.0,7.77,True
180,Sam Rayburn Reservoir,United States,1965,38105.15858711683,747.7793468797076,High,0.0,0.0,7.48,True
775,Harlan County Lake,United States,1952,5012.214293153625,782.5175939294946,High,0.0,0.0,7.01,True
734,Clear Lake Reservoir,United States,1910,9170.043801156378,847.0682419053898,High,0.0,0.0,6.25,True
224,,Paraguay,1972,40470.358045647125,488.86411300439215,High,0.0,0.0,5.92,True
960,Ray Roberts Lake,United States,1986,6886.471616086821,617.0169167057873,High,0.0,0.0,5.84,True
47,Kuybyshevskoye,Russia,1955,507145.24317898625,1638.062964470684,High,0.0,0.0,5.76,True
18,Gouin,Canada,1918,132193.23513786646,254.95613145952552,High,0.0,0.0,5.73,True
217,Promissao Reservoir,Brazil,1975,51233.0776114797,571.9671883587496,High,0.0,0.0,5.22,True
163,Guntersville Lake,United States,1939,16730.65943690722,428.19500297751875,High,0.0,0.0,5.2,True
51,Kremenchugskoye,Ukraine,1960,185323.9699889759,2666.546537289184,High,0.0,0.0,5.02,True
53,Tsimlyanskoye,Russia,1952,225899.5184217754,2827.87884699477,High,0.0,0.0,4.88,True
158,Eufaula Lake,United States,1964,35576.07542762308,472.138491626286,High,0.0,0.0,4.63,True
2062,,South Africa,1985,6395.623093650852,622.6185925285054,High,0.0,0.0,4.6,True
179,Toledo Bend,United States,1966,60096.909171473286,782.3363178350062,High,0.0,0.0,4.26,True
30,Itaipu,Paraguay,1983,115903.01740292592,523.5213216254609,High,0.0,0.0,4.0,True
958,,United States,1945,1765.675629761006,362.85124480144674,High,0.0,0.0,3.96,True
1005,Lake Murvaul,United States,1956,1297.812223274421,397.4542584999317,High,0.0,0.0,2.42,True
984,Lake Ray Hubbard,United States,1969,8007.430903486812,825.6893307162266,High,0.0,0.0,1.51,True
172,Lake Moultrie,United States,1942,22138.50410554892,1666.8576699622222,High,0.0,0.0,1.24,True
1187,,Brazil,1960,1059.0454606980502,97.09734873589677,Low,0.0,0.0,20.47,True
4314,,Spain,1989,395.3321102840054,126.08503947018423,Med,0.0,0.0,35.33,True
207,,Brazil,1994,23773.287331475938,245.6789318154333,Med,0.0,0.0,34.13,True
1505,,Spain,1969,4541.838799425494,170.71466757838044,Med,0.0,0.0,33.95,True
1184,,Brazil,1981,3986.0649216223383,211.87981213727886,Med,0.0,0.0,28.26,True
1456,,Spain,1966,4797.129456281536,218.5908375011595,Med,0.0,0.0,15.33,True
4052,,Spain,1971,282.50897407267996,175.45385023091677,Med,0.0,0.0,13.41,True
1174,,Brazil,1960,5645.854621804297,182.08981951515833,Med,0.0,0.0,13.06,True
874,Norfork Lake,United States,1944,7959.544891925347,213.6695709005181,Med,0.0,0.0,11.58,True
1523,,Portugal,1967,1007.0068495933858,213.8195778776278,Med,0.0,0.0,11.3,True
3209,,United States,1953,644.7325107075203,214.71453289230928,Med,0.0,0.0,6.88,True
162,Lake Ouachita,United States,1953,14467.083532265782,246.59136800448394,Med,0.0,0.0,4.93,True
939,Degray Lake,United States,1969,4530.873049467401,236.5322093919445,Med,0.0,0.0,4.4,True
143,Osage,United States,1931,17628.881439007415,184.81004360689144,Med,0.0,0.0,2.31,True
25450,,Brazil,-99,46.180549997437986,97.13819957373158,Low,0.0,0.0,36.27,False
8315,,Brazil,-99,247.08572987259802,110.40923619670993,Low,0.0,0.0,12.45,False
8683,,Germany,-99,118.14959936743625,120.5297684266614,Med,0.0,0.0,26.75,False
15667,,Germany,-99,95.89283915761402,122.88539027673573,Med,0.0,0.0,13.45,False
